current_headcount,average_burnout_score,comp_ratio,industry_demand,average_tenure_years,actual_attrition_count
152,56.75,1.05,79.48,7.24,6
137,63.14,0.91,61.76,3.53,7
393,57.96,1.05,60.73,3.57,20
285,36.3,1.0,61.44,3.44,13
237,54.45,0.79,57.41,5.7,25
180,70.91,1.04,86.65,3.91,12
138,55.99,0.97,57.97,8.2,6
480,49.13,0.96,46.82,5.63,20
439,69.84,0.86,26.43,2.41,35
320,69.86,0.99,63.98,1.54,20
102,71.91,1.01,39.8,5.94,4
394,57.3,1.06,87.75,6.29,30
310,68.17,1.06,52.07,4.28,20
342,48.14,1.08,97.12,4.36,27
150,50.99,1.08,57.7,5.17,5
401,60.79,0.86,90.85,6.31,40
456,78.09,1.23,100.0,6.15,33
111,78.45,1.09,76.58,3.44,6
335,59.84,1.08,63.45,2.78,15
332,71.91,1.13,64.16,0.5,24
214,48.56,1.09,56.68,3.47,11
229,43.12,1.03,68.51,0.66,15
162,64.03,1.03,68.4,4.02,10
102,80.99,1.03,69.85,6.03,8
252,45.17,0.93,67.25,7.3,12
289,68.25,0.96,77.56,8.37,14
308,90.6,1.09,70.18,3.77,29
357,46.66,0.99,82.34,7.0,25
316,53.25,0.97,86.27,2.04,22
109,84.61,1.01,80.03,4.21,12
282,84.49,0.91,82.35,6.93,31
276,77.71,1.06,66.71,4.21,8
212,47.13,1.07,50.51,6.07,13
433,52.69,1.09,89.17,5.34,22
492,44.45,0.92,87.57,4.02,40
335,73.07,1.14,93.44,3.75,25
353,48.94,1.05,65.53,5.93,19
148,63.91,0.91,58.06,4.28,4
67,75.65,1.01,82.6,8.03,4
391,52.87,0.87,54.98,2.45,26
153,81.25,1.11,42.45,2.62,14
458,72.71,0.93,73.91,3.39,22
420,47.71,0.85,73.3,2.79,33
112,56.98,0.96,81.91,0.52,10
313,54.27,1.07,55.39,4.93,15
96,55.23,0.92,78.45,1.88,4
107,53.42,1.17,63.32,3.86,5
97,40.82,1.03,100.0,2.92,8
398,42.21,0.95,95.34,3.08,29
253,76.62,0.95,91.94,8.73,16
299,88.15,1.13,67.43,3.57,27
306,100.0,1.19,78.28,5.64,27
307,66.05,0.96,72.27,5.82,20
466,46.43,1.05,79.34,6.77,25
217,57.7,1.02,87.7,3.57,13
163,59.67,1.09,76.15,6.13,9
298,31.75,1.14,100.0,7.88,19
145,70.74,1.05,65.96,4.06,8
62,52.06,1.08,82.66,0.5,4
446,63.85,0.98,87.08,3.96,28
255,62.0,1.2,52.93,4.47,13
485,52.93,1.12,85.83,5.75,36
158,69.87,1.17,87.78,5.49,11
223,65.9,0.96,74.08,5.62,13
54,41.28,1.01,91.21,4.97,3
376,71.88,0.93,65.73,5.12,24
140,53.12,0.88,38.27,3.66,13
197,36.28,1.13,85.42,5.49,13
240,52.3,1.0,18.71,6.79,7
129,73.99,1.02,70.25,4.7,5
69,54.47,0.9,98.74,3.1,4
457,55.99,0.85,85.68,4.18,39
235,53.65,0.91,43.49,2.96,10
250,64.26,1.1,58.46,2.7,13
95,90.27,0.83,72.84,6.57,11
423,47.45,1.03,48.05,5.18,20
332,54.59,1.01,76.85,8.32,17
72,67.9,0.95,82.46,2.36,4
100,51.92,0.93,76.72,5.49,4
487,58.61,1.01,100.0,4.84,39
438,56.55,1.25,97.94,3.72,35
152,72.88,1.11,34.83,2.13,4
496,70.4,1.17,87.32,4.29,35
130,36.74,1.0,85.93,3.94,6
83,42.15,1.12,77.51,1.76,6
200,34.06,1.04,51.2,3.47,7
244,65.66,1.11,71.52,5.21,13
141,57.07,0.98,68.46,7.87,10
61,56.7,0.88,100.0,4.57,5
399,68.21,0.96,48.81,4.86,16
229,56.79,0.88,100.0,3.88,21
414,32.12,1.04,54.31,5.44,23
323,87.86,0.75,53.79,2.69,38
490,64.28,0.84,74.13,3.8,28
443,64.88,1.15,71.55,2.78,28
418,73.08,0.8,91.35,5.92,40
369,36.29,1.09,70.55,4.75,17
247,61.42,0.98,24.44,6.09,12
384,56.35,1.08,80.02,2.54,27
441,76.27,1.12,68.28,2.68,24
69,58.12,0.97,39.51,6.1,2
405,69.02,1.09,36.3,3.0,11
310,80.09,0.94,86.71,2.24,35
457,86.62,1.13,79.29,3.38,48
422,67.55,1.01,79.76,7.66,20
410,66.71,1.08,82.76,3.62,30
388,69.35,1.21,87.42,3.85,31
344,58.88,1.06,75.91,5.92,24
112,41.3,1.0,65.22,6.15,6
484,66.43,0.77,98.65,6.93,44
91,70.08,0.96,82.66,9.04,6
87,68.72,1.08,90.2,3.51,6
245,87.65,1.04,63.05,6.16,25
310,58.33,0.74,62.29,7.16,30
331,53.39,0.88,34.43,7.49,28
445,64.17,0.97,61.2,5.79,29
405,55.96,1.13,57.45,3.51,21
50,59.16,1.01,91.88,1.12,5
358,81.06,0.94,87.04,0.5,45
259,74.42,1.08,69.23,3.61,13
300,61.31,0.97,16.06,4.39,14
112,75.44,0.91,55.59,4.66,3
386,53.01,0.98,70.01,4.82,16
264,67.24,1.13,63.41,3.6,7
354,64.51,0.95,55.74,4.71,16
243,87.56,0.85,100.0,7.68,33
181,69.35,0.97,67.0,5.56,10
429,45.1,1.12,26.51,2.96,18
304,57.13,1.05,45.56,5.93,14
127,59.38,1.12,78.41,3.95,5
360,39.95,1.18,45.17,2.87,22
445,38.7,0.95,90.31,3.25,36
102,68.17,0.99,59.1,5.3,5
264,81.55,0.97,96.92,8.81,30
408,74.26,0.88,49.11,4.06,33
342,74.34,1.02,50.43,5.32,11
202,92.16,1.0,52.02,2.68,16
286,77.67,0.9,80.21,4.18,30
239,55.63,1.0,80.35,3.05,17
331,53.67,1.08,67.51,6.0,21
359,96.22,0.97,71.91,4.86,34
386,42.21,1.26,68.08,6.8,16
122,67.7,0.97,100.0,4.41,6
180,58.99,0.97,56.82,5.83,10
352,75.37,1.13,86.1,6.36,24
138,65.17,1.14,90.57,4.79,9
337,71.44,1.02,75.43,1.95,19
225,80.8,0.98,50.72,5.81,22
421,58.02,1.09,41.9,5.5,16
232,84.17,1.14,31.91,4.85,24
458,67.18,1.17,90.2,4.11,27
83,29.43,1.07,70.94,6.95,3
367,99.48,0.96,61.09,7.41,38
226,57.16,0.97,53.9,2.49,8
495,41.13,1.06,65.1,2.73,21
429,77.03,1.1,65.72,4.4,24
382,62.76,0.93,60.47,5.69,18
474,57.48,1.06,57.54,3.51,22
96,66.45,0.85,82.63,9.41,9
387,39.37,0.92,79.43,3.4,21
169,31.31,0.91,66.38,0.98,11
74,62.19,0.91,72.09,1.0,4
377,61.47,1.01,81.02,4.58,26
164,80.46,0.95,90.88,5.86,21
286,67.36,1.17,62.43,5.59,13
318,60.97,1.05,87.15,6.52,27
471,67.92,0.98,69.17,5.61,20
88,74.58,1.04,62.13,4.56,5
344,74.79,0.81,64.34,2.74,26
123,54.94,1.12,65.27,2.13,5
86,58.3,1.02,91.47,2.45,6
242,54.5,0.94,100.0,6.71,21
56,82.05,0.95,67.74,2.05,5
334,82.49,0.9,84.17,4.99,44
71,71.46,1.02,63.13,7.6,2
471,47.43,0.93,56.62,4.65,22
61,47.55,1.26,45.68,4.81,2
99,47.2,1.06,96.58,4.89,7
95,89.57,1.15,77.31,1.34,9
263,58.03,0.84,81.29,3.23,28
254,63.22,0.88,51.26,7.74,23
151,76.13,1.03,79.38,3.26,8
125,100.0,1.0,80.5,8.06,12
463,65.56,0.9,64.38,8.1,40
192,57.6,0.96,75.51,2.9,13
313,70.37,1.01,80.44,5.54,26
432,84.76,1.02,100.0,3.12,55
61,67.97,0.93,60.32,3.86,3
104,90.07,0.98,66.28,6.59,9
108,35.04,0.89,81.29,3.5,11
496,72.23,0.96,92.63,3.95,41
431,76.36,1.02,90.94,7.87,28
277,40.51,0.94,86.01,4.86,20
89,46.19,0.95,82.45,3.55,7
136,44.22,1.14,17.8,5.26,6
365,53.96,1.16,37.08,8.12,21
280,59.56,0.89,44.11,6.82,21
350,70.2,0.92,54.8,4.2,20
129,33.57,1.03,64.81,6.97,7
50,44.12,0.93,43.91,7.31,1
224,60.18,1.21,77.64,5.36,13
157,68.58,0.95,70.88,2.03,8
294,90.74,1.08,60.38,0.5,27
476,72.55,1.21,67.21,6.72,18
283,54.01,1.05,82.0,2.88,18
135,56.09,1.08,45.62,4.4,7
463,100.0,0.99,74.02,6.6,46
196,82.81,1.08,100.0,2.52,20
241,80.08,0.97,76.81,7.37,23
430,70.33,1.09,67.22,3.77,24
414,62.75,1.01,66.54,4.53,16
248,43.4,0.8,91.43,8.92,27
273,45.6,0.94,73.39,3.1,16
479,88.01,1.31,70.66,1.24,53
277,85.76,1.06,81.9,6.21,32
330,69.22,0.88,100.0,4.31,28
324,64.49,0.9,52.59,2.53,19
340,55.74,0.92,73.27,3.07,22
126,50.26,0.98,81.0,2.56,8
120,44.99,1.09,56.76,2.85,5
359,56.32,1.01,79.44,4.78,22
263,70.76,1.13,78.44,2.38,14
170,46.34,0.93,55.63,6.29,7
251,83.72,1.06,83.62,4.01,24
118,72.87,0.93,62.92,5.41,7
209,89.35,0.87,85.05,3.41,29
458,52.94,1.16,100.0,3.39,34
216,89.43,0.93,87.36,6.76,27
122,48.49,0.93,58.27,4.1,5
54,65.5,1.02,57.96,5.76,1
116,35.09,1.04,94.55,2.08,10
335,71.29,1.09,34.08,7.12,19
360,51.28,1.01,100.0,3.89,29
52,46.78,0.89,63.67,6.93,4
198,61.45,0.96,78.5,5.17,10
275,100.0,0.93,46.51,1.43,26
298,37.46,1.05,47.93,0.5,22
468,100.0,1.04,98.04,0.51,66
61,58.42,1.12,81.37,5.7,3
454,61.45,1.07,72.4,3.06,34
338,64.62,1.08,97.8,5.62,23
474,45.32,1.05,89.96,4.38,28
74,63.38,0.99,61.76,5.1,4
69,67.13,0.91,67.12,2.08,3
303,40.15,1.13,92.88,0.5,25
431,55.98,0.94,61.78,3.77,18
420,73.23,0.91,100.0,7.2,26
429,53.85,1.09,40.3,0.5,34
112,58.51,1.13,44.54,7.19,3
278,100.0,1.04,67.96,3.37,23
454,56.81,1.04,40.42,4.87,22
237,73.69,1.0,100.0,3.13,15
245,59.16,1.06,91.83,5.57,19
91,69.82,1.03,74.14,6.78,3
109,62.03,0.96,68.25,4.81,6
296,72.63,1.07,75.99,7.1,19
493,80.16,0.99,57.91,4.35,49
201,73.63,1.0,59.15,2.96,5
277,83.01,0.93,49.06,5.57,28
369,75.78,0.92,67.11,6.4,18
185,74.11,1.13,44.95,3.5,9
127,51.12,1.1,68.94,2.94,5
396,65.86,1.03,100.0,5.52,29
60,81.09,0.92,74.03,6.22,4
163,61.68,0.97,76.15,6.13,9
168,56.25,0.97,80.99,8.76,12
198,45.6,1.02,67.06,3.77,8
397,78.64,1.04,56.97,3.44,22
456,72.42,1.07,100.0,6.65,23
68,66.18,1.1,74.1,2.11,3
235,61.86,0.91,58.39,5.68,15
280,70.92,1.15,88.9,5.87,13
469,43.25,0.89,60.92,2.86,33
69,33.59,0.93,83.43,5.29,4
359,42.12,1.13,58.96,9.62,15
385,67.77,1.07,50.13,4.46,16
207,55.63,1.08,69.86,7.12,12
166,55.26,1.01,99.55,2.22,11
232,51.84,1.08,58.35,4.16,13
362,75.47,1.02,81.54,8.22,21
289,73.18,0.91,76.08,1.75,22
167,90.13,1.01,34.63,5.15,14
475,58.83,1.05,56.17,0.5,20
241,53.01,0.89,68.97,4.91,18
468,89.92,0.95,57.96,5.44,37
80,69.53,0.99,86.26,2.59,4
319,52.4,0.91,63.92,7.64,14
133,64.79,1.11,100.0,1.87,10
56,62.74,0.98,77.03,7.88,3
425,59.35,1.09,51.62,2.28,23
354,72.0,1.0,37.7,6.83,15
376,52.85,1.05,100.0,6.52,17
472,70.69,1.18,68.35,2.84,17
51,64.13,0.89,83.0,7.77,4
125,65.31,0.93,66.34,7.25,5
69,53.01,1.16,75.49,5.22,2
165,59.59,1.05,76.35,4.44,8
93,53.96,0.98,100.0,5.1,5
138,52.8,0.98,42.85,3.97,8
134,54.39,1.1,42.39,0.5,10
317,70.7,0.89,85.78,3.96,31
269,45.75,0.95,59.69,5.1,15
156,80.05,0.94,76.8,3.42,12
207,64.38,0.89,78.57,4.13,18
296,70.85,0.92,59.96,5.62,15
314,63.88,1.02,96.35,2.49,25
444,69.15,1.07,47.81,2.82,22
335,66.69,1.05,53.2,3.37,15
90,53.24,1.06,47.16,8.53,5
157,72.7,1.04,69.52,2.69,8
321,60.24,0.93,79.39,2.49,15
491,56.09,0.81,72.52,6.56,32
191,62.02,1.03,75.64,5.99,8
95,47.92,1.11,67.59,0.5,7
79,63.53,1.14,69.01,3.89,4
159,54.55,1.02,76.34,6.28,7
324,70.51,1.18,65.53,3.8,16
138,60.45,1.07,52.28,3.19,7
313,59.64,1.08,81.18,9.01,20
317,76.93,1.01,93.24,2.65,22
250,68.98,1.06,83.07,9.88,12
125,54.68,0.89,67.8,2.53,9
455,89.18,1.13,100.0,5.98,50
77,40.97,1.07,56.52,4.08,2
410,99.36,1.01,67.89,4.13,35
267,31.88,0.98,76.09,0.5,14
158,43.91,0.99,39.91,6.02,8
98,43.14,1.11,58.45,5.46,7
412,56.29,1.09,72.64,7.16,21
88,79.89,1.19,68.79,3.08,3
157,73.69,1.03,46.36,6.17,5
139,80.44,1.01,57.7,3.08,12
210,32.72,0.93,65.78,2.53,10
427,66.15,1.11,53.75,8.06,16
251,82.64,0.83,74.13,6.02,31
204,74.55,1.02,100.0,5.62,16
317,63.07,0.81,59.03,4.69,25
272,49.58,1.13,67.18,4.16,11
156,92.6,0.93,51.12,2.31,13
403,86.5,0.91,26.88,7.49,38
72,76.9,0.83,96.09,1.18,9
216,81.9,0.87,70.89,3.69,26
370,50.53,0.96,70.99,4.18,13
175,83.2,0.91,74.17,4.71,17
225,93.37,0.95,69.08,2.21,20
124,57.86,0.82,40.98,2.82,9
294,73.41,0.97,83.94,3.83,24
418,70.54,1.02,54.44,4.46,22
446,88.59,1.03,65.62,6.96,35
100,51.9,1.0,43.56,2.27,5
188,35.31,1.07,48.55,4.98,13
188,51.21,1.06,56.92,2.7,11
263,94.41,1.11,61.04,1.95,28
213,56.48,1.17,100.0,3.31,10
295,69.62,0.96,75.38,3.81,16
61,59.46,0.91,70.58,4.4,4
232,43.28,0.92,82.8,3.05,16
298,28.7,1.14,53.37,4.29,17
141,72.82,1.06,81.11,4.68,9
165,62.73,0.9,54.11,2.3,11
374,100.0,1.02,100.0,4.02,44
347,81.52,1.14,96.16,3.44,41
84,79.3,1.05,84.5,5.53,5
281,71.48,1.02,72.9,3.26,14
72,52.7,1.0,37.19,1.23,4
308,56.77,1.11,100.0,3.07,22
211,74.89,1.09,37.85,2.97,8
441,50.9,0.92,60.58,6.8,23
450,66.18,1.0,36.94,6.91,18
386,70.03,1.07,78.12,7.1,18
103,68.14,0.95,86.14,2.55,7
71,72.58,0.9,73.35,4.95,5
61,37.5,1.0,76.7,2.61,2
145,65.23,1.09,74.18,2.57,10
439,77.38,0.91,56.84,3.89,16
460,52.71,1.02,91.2,0.74,35
105,64.02,1.2,100.0,1.84,9
62,52.75,0.94,53.39,5.26,2
330,55.74,0.97,82.32,6.91,22
353,58.25,1.1,63.83,2.51,17
305,43.93,0.86,94.7,3.86,29
378,72.24,1.04,82.59,6.8,28
392,41.69,1.08,77.53,2.7,16
477,81.88,1.15,54.77,4.88,42
301,66.7,0.97,80.29,5.68,18
123,66.52,0.98,50.11,0.5,8
66,61.18,1.04,82.34,5.23,4
370,57.67,1.11,55.53,4.74,24
235,68.47,1.11,66.17,3.12,9
440,57.98,1.01,100.0,2.02,24
65,93.24,1.08,90.55,4.76,7
313,94.15,1.07,83.54,0.5,37
181,69.47,1.06,73.0,5.77,7
477,64.36,1.0,74.61,1.98,30
248,70.08,0.9,77.87,7.33,13
409,59.46,1.11,80.35,4.2,30
487,79.81,0.99,63.6,4.8,20
103,96.34,0.83,55.61,3.1,13
171,57.05,1.02,86.83,3.26,15
446,36.58,1.23,38.86,4.38,27
284,52.42,1.04,70.2,4.87,18
218,48.52,1.0,76.64,3.65,7
68,57.42,0.94,80.7,6.02,5
348,50.08,1.04,70.38,3.22,19
57,54.06,1.1,65.18,1.41,4
93,71.26,1.06,65.85,5.76,3
265,57.65,1.05,97.75,4.63,16
398,52.73,1.21,65.06,3.78,17
297,100.0,0.85,100.0,3.89,41
395,54.92,1.12,58.15,5.31,13
140,81.89,0.97,79.74,5.82,13
474,52.03,1.01,81.69,8.45,25
148,78.89,0.95,65.64,2.28,9
328,56.98,0.96,0.57,5.32,12
90,76.19,0.84,71.84,3.87,5
470,51.03,0.91,68.22,6.3,26
73,50.72,1.04,72.19,6.61,3
118,40.0,1.1,25.85,9.34,6
237,54.86,1.0,48.26,2.33,13
288,47.77,1.15,60.38,6.21,15
406,77.95,1.06,60.79,2.23,26
290,39.2,0.87,34.01,4.77,18
188,60.13,1.23,79.51,4.21,7
406,69.95,1.0,50.88,0.5,29
432,73.02,1.09,63.59,8.09,22
216,72.47,0.96,88.84,3.76,14
389,80.87,1.09,82.67,4.68,33
320,63.88,0.76,72.88,3.7,26
127,42.23,0.96,87.81,5.65,9
388,65.75,0.82,56.9,2.43,30
289,68.65,1.14,50.07,3.94,11
425,49.82,1.0,97.06,4.09,27
424,83.18,1.03,62.61,4.79,30
380,71.13,0.96,44.4,4.28,21
461,54.72,0.98,55.93,6.36,31
246,55.14,1.02,69.19,5.9,14
264,59.6,0.87,61.73,5.02,18
251,50.64,1.04,69.15,4.73,10
461,87.7,0.94,57.14,7.9,36
436,40.08,0.99,41.01,2.66,17
123,52.74,1.04,46.28,5.19,8
452,55.58,1.15,94.96,6.88,36
97,76.67,1.25,100.0,2.54,5
333,86.46,0.86,100.0,4.64,49
132,63.35,1.05,62.29,5.34,5
390,62.89,0.99,86.52,3.63,21
122,68.96,0.85,94.39,6.57,12
294,48.07,1.04,81.36,3.1,18
481,61.31,1.07,41.86,3.76,31
143,89.51,1.05,79.44,4.65,13
223,69.95,0.75,89.55,2.99,19
156,59.91,0.83,75.7,6.12,12
186,79.99,0.98,91.09,5.37,19
156,64.21,0.95,87.19,3.73,10
309,40.03,1.16,60.54,4.44,13
52,51.47,1.17,49.64,3.1,2
462,76.86,1.03,81.41,6.44,30
245,55.82,0.99,85.6,1.25,22
110,80.73,0.95,56.64,6.51,8
411,44.55,0.91,54.65,5.78,19
55,67.63,1.3,77.35,3.87,3
463,72.24,1.21,47.38,5.45,18
190,53.49,1.15,14.78,3.67,10
183,71.16,0.93,89.26,0.5,17
175,54.36,0.87,65.66,3.88,18
255,71.49,0.95,56.79,2.77,9
431,66.69,1.04,28.16,7.33,27
379,30.04,1.15,59.64,3.26,14
190,69.92,1.09,49.72,4.67,7
462,68.83,1.04,69.1,2.47,23
331,63.02,1.02,16.3,5.02,16
256,53.53,0.97,77.28,5.77,13
359,69.21,1.18,77.44,5.28,17
484,83.35,1.03,33.83,7.16,43
474,63.65,1.1,66.31,3.1,22
234,79.11,1.07,79.27,5.22,11
131,83.0,0.95,32.47,5.74,10
369,47.16,1.15,86.22,1.59,28
380,84.34,1.1,65.82,8.72,35
458,87.7,0.83,100.0,6.91,76
367,66.26,1.14,78.2,2.78,23
120,75.47,0.88,96.15,2.3,11
449,73.12,1.14,85.68,5.12,39
475,81.65,0.93,36.0,2.89,49
153,48.66,0.92,62.59,1.69,10
256,78.53,1.21,98.43,4.17,15
328,81.63,1.06,88.53,2.3,36
271,64.21,1.02,39.38,4.21,17
159,71.95,0.86,86.96,2.03,16
328,74.38,1.07,86.33,3.68,21
214,60.01,1.05,59.24,4.63,8
105,82.47,1.01,41.38,3.62,11
126,70.03,1.03,79.39,1.43,9
414,74.19,1.24,46.47,2.35,15
340,64.41,0.99,76.68,7.36,20
340,45.32,1.02,79.68,2.96,15
305,81.07,1.2,89.34,5.16,38
110,91.32,1.13,85.98,2.82,12
202,72.5,0.86,77.35,0.5,21
458,78.28,1.07,70.12,3.62,27
231,73.37,0.98,70.03,1.95,18
231,81.16,0.93,60.29,6.96,24
192,45.19,1.22,66.42,1.96,17
215,58.05,0.9,100.0,2.29,14
342,71.67,1.1,73.43,3.9,17
197,52.46,0.99,60.97,4.89,8
165,77.15,0.89,70.83,9.63,15
305,57.45,1.03,71.5,6.88,14
271,59.69,0.91,29.7,2.0,20
462,69.73,0.98,55.07,4.15,15
407,83.48,0.75,61.77,3.53,43
105,73.78,0.96,58.4,7.24,4
85,73.93,0.94,61.74,2.65,4
424,52.27,1.09,100.0,4.35,24
315,47.51,1.0,41.47,6.06,13
296,64.63,1.0,73.78,2.51,17
275,91.08,0.97,100.0,6.13,31
320,70.53,1.15,77.16,0.5,28
250,15.13,0.85,61.51,6.57,19
488,80.82,0.93,100.0,6.35,53
414,93.56,1.16,100.0,4.18,46
330,42.25,0.91,89.24,4.97,22
180,71.63,0.96,77.61,4.12,9
234,71.68,0.93,86.01,6.98,14
398,57.03,1.05,47.95,5.86,21
432,60.38,1.03,77.5,7.21,24
487,70.78,0.83,57.27,2.64,39
364,73.62,1.03,66.25,0.5,17
238,64.33,0.88,100.0,1.7,31
318,59.52,1.11,85.01,4.76,20
165,59.34,1.2,61.34,5.13,5
362,77.19,1.12,65.63,1.39,24
320,87.98,0.98,74.5,5.47,24
420,71.94,0.95,77.17,3.04,24
270,68.03,1.02,66.03,5.77,16
359,52.72,0.98,60.63,1.15,22
198,66.38,1.03,67.68,4.93,13
77,79.78,1.03,80.67,2.57,4
107,94.14,0.95,28.79,5.66,11
301,60.44,0.94,65.41,1.22,19
259,65.29,1.02,42.23,4.07,11
233,55.39,0.89,75.97,4.39,19
339,45.3,1.09,58.89,2.76,16
154,87.18,0.91,100.0,6.36,16
389,52.92,1.1,57.43,3.86,25
436,58.46,0.92,32.3,4.96,29
343,69.79,1.01,78.3,3.21,21
427,92.33,1.09,72.12,7.03,34
140,93.64,1.08,65.67,6.22,13
54,72.6,0.93,65.03,1.65,4
108,87.75,1.06,71.44,4.08,8
139,66.16,1.07,85.81,1.37,13
269,64.01,1.05,61.39,4.21,13
488,60.48,0.89,74.43,5.79,40
384,63.6,1.13,44.26,1.71,24
139,80.58,1.03,64.19,5.89,12
212,56.67,0.87,79.69,5.42,15
294,31.46,0.95,74.51,8.17,10
352,27.68,0.93,79.07,2.54,17
63,71.7,0.96,80.99,4.65,3
112,67.7,1.05,65.67,3.24,3
481,82.16,0.99,64.15,6.32,42
99,60.67,0.92,100.0,2.79,6
288,68.07,1.05,34.91,3.62,12
401,67.3,1.1,70.28,1.35,29
413,61.16,1.02,83.85,1.96,44
279,94.85,1.04,100.0,3.49,29
399,69.11,1.12,72.81,0.57,23
456,22.35,1.0,76.11,1.27,34
55,60.79,0.98,68.29,7.52,2
438,69.06,1.03,48.56,4.15,28
300,42.97,0.98,42.72,0.96,19
378,71.65,0.88,55.7,2.44,21
461,83.92,1.02,48.9,7.28,40
363,81.25,0.94,58.42,4.05,34
263,57.34,1.05,62.84,4.22,15
103,59.18,0.86,56.17,6.59,9
237,49.25,1.03,68.51,1.03,17
332,88.46,1.04,70.79,2.29,26
112,60.37,0.93,55.76,4.28,4
398,43.37,1.09,51.36,2.06,23
430,70.54,0.81,56.49,5.85,24
324,55.23,0.94,80.55,3.98,28
368,70.13,0.88,34.96,3.72,30
405,38.36,1.09,57.53,5.99,15
378,48.6,0.95,41.44,6.02,14
490,67.15,0.89,79.36,8.66,40
117,20.7,1.09,100.0,3.68,9
230,59.5,1.15,100.0,2.59,16
65,96.56,1.09,80.86,7.44,7
459,39.96,1.02,52.68,0.5,34
230,48.38,0.92,86.6,6.3,17
61,49.91,0.97,69.45,3.76,2
410,71.08,0.87,85.32,2.17,43
234,52.3,1.12,85.59,4.42,15
250,34.61,1.12,79.56,4.38,15
115,86.65,0.78,59.08,2.76,14
334,66.16,1.04,95.63,5.93,16
406,39.97,1.11,66.54,6.04,22
469,54.0,1.09,84.04,6.25,30
197,63.27,1.03,83.05,2.22,16
255,91.02,0.91,93.46,5.83,33
248,68.03,0.98,68.52,6.09,7
332,64.83,1.15,56.86,3.74,17
402,47.72,1.02,72.46,6.35,18
499,82.92,0.84,100.0,3.84,68
261,53.06,0.98,30.75,3.71,7
243,61.14,1.12,92.84,2.92,16
180,77.64,1.12,73.79,2.51,10
292,55.63,1.18,69.99,2.14,15
237,53.69,1.1,98.89,4.42,14
249,54.17,1.26,57.16,2.79,12
260,53.74,1.0,68.52,4.17,13
324,76.35,0.89,86.7,6.33,27
114,65.58,1.04,56.01,6.82,5
358,75.45,0.96,66.89,6.03,21
490,66.44,1.03,74.06,5.49,19
264,43.23,0.93,90.85,0.85,26
458,62.28,0.95,44.99,4.54,13
142,54.71,0.99,91.21,7.53,12
295,57.11,1.02,78.01,4.76,14
440,47.07,0.9,71.3,3.7,25
285,48.23,0.96,53.19,5.85,14
227,54.78,1.02,90.54,6.71,14
483,94.83,1.03,48.18,5.08,48
80,67.51,0.92,73.45,6.9,4
207,80.42,0.93,65.38,5.87,16
302,55.83,1.04,19.36,5.86,15
298,72.93,1.13,86.82,3.79,15
307,78.05,0.87,100.0,4.76,28
220,89.28,0.97,64.71,1.77,22
147,52.74,1.03,97.69,5.39,11
74,60.45,1.0,81.25,3.72,4
228,47.35,1.11,100.0,7.3,17
492,75.43,0.89,67.77,2.89,37
397,58.8,1.06,41.03,6.56,18
398,29.35,0.97,66.04,4.88,17
94,65.14,1.11,100.0,3.47,6
376,67.63,0.87,61.76,4.76,28
61,61.72,1.08,92.33,6.71,4
74,59.99,0.9,54.21,4.7,5
160,91.55,1.18,49.89,3.8,14
298,87.95,1.07,51.51,1.3,31
167,61.8,0.87,80.15,2.63,17
224,51.54,0.87,80.05,3.8,21
282,73.93,1.14,84.9,4.16,19
324,83.31,0.91,100.0,1.0,43
302,72.13,1.03,85.69,8.44,19
175,67.36,1.0,77.97,2.84,6
285,60.74,1.05,100.0,2.42,19
114,44.63,0.9,88.39,6.62,12
195,66.99,0.88,75.27,9.64,12
350,56.95,1.07,58.1,4.43,13
294,83.4,1.14,76.26,5.87,30
126,37.1,0.94,51.43,5.64,5
380,38.96,1.1,51.84,4.63,17
217,68.08,0.9,52.21,7.26,16
50,56.73,1.02,91.49,4.95,3
452,71.63,1.12,49.39,2.78,18
385,57.71,0.94,55.02,5.55,12
183,54.67,1.01,62.23,5.3,10
293,76.24,0.97,70.83,6.96,9
53,85.05,1.12,67.85,6.5,5
307,76.31,0.92,83.49,5.2,18
240,70.04,0.98,53.52,3.06,16
123,65.01,1.2,72.72,4.86,6
369,73.4,1.02,90.09,3.1,28
483,80.82,0.96,66.91,8.35,38
424,35.33,1.0,100.0,2.6,26
364,76.46,1.0,65.52,5.47,20
488,56.75,1.04,94.75,7.26,32
228,71.95,0.92,47.72,5.02,11
240,54.49,1.09,61.41,6.27,12
380,58.95,0.9,70.58,6.48,28
215,64.78,0.99,74.99,3.36,9
263,75.38,1.1,87.45,2.21,20
428,43.96,1.1,68.77,4.42,23
347,57.79,0.87,74.23,4.68,34
432,86.8,0.99,66.99,5.84,46
366,60.78,1.09,63.7,3.36,19
99,48.81,0.88,65.92,3.34,7
128,72.83,1.1,55.41,2.45,6
271,63.67,1.01,44.26,4.72,13
464,46.11,0.98,50.27,4.2,20
435,68.22,0.94,38.93,7.99,27
340,59.27,0.92,78.06,4.9,18
399,76.9,0.99,60.84,4.18,18
234,44.78,1.01,51.09,0.87,16
211,67.24,0.97,67.6,5.98,10
131,49.37,1.01,65.54,2.55,7
488,83.79,0.96,56.15,0.56,54
128,95.63,1.07,92.42,4.57,13
245,64.85,1.03,74.97,1.25,17
383,56.56,0.96,87.11,1.82,35
368,51.52,0.8,75.28,7.88,27
451,79.48,0.89,48.83,2.66,33
159,68.5,1.04,50.79,2.11,10
65,62.47,1.03,65.19,4.52,3
114,65.14,1.13,71.07,4.99,6
255,65.16,0.88,73.19,2.71,21
174,83.81,0.98,49.79,8.02,14
107,70.09,0.98,55.16,3.49,5
459,54.81,0.92,85.94,5.4,33
179,55.21,0.96,75.39,4.41,9
383,88.55,0.99,98.69,7.27,48
120,27.77,1.03,87.24,2.0,7
273,67.82,1.07,80.75,6.35,14
146,69.74,0.94,55.8,6.46,5
105,76.33,1.25,86.03,6.45,7
491,44.22,0.97,86.02,2.28,40
123,52.41,1.14,41.42,4.94,4
362,68.78,1.0,65.69,3.76,15
386,67.6,0.9,100.0,5.75,25
462,41.69,1.15,100.0,3.56,30
150,45.64,1.04,70.01,4.15,10
157,91.4,0.85,66.07,5.1,19
266,48.59,1.09,92.17,5.34,13
125,72.25,0.95,91.34,6.8,8
404,40.04,1.1,58.67,4.61,18
74,89.34,1.17,51.15,7.73,6
397,59.17,1.24,47.17,5.81,20
210,51.17,0.99,100.0,2.73,9
189,65.64,1.05,100.0,6.51,13
353,96.34,1.1,79.25,2.14,32
236,64.81,1.07,85.67,5.39,12
93,53.91,0.94,73.93,6.52,4
271,49.66,0.94,100.0,7.29,20
406,59.28,1.05,78.56,3.94,15
427,77.35,1.07,73.11,0.83,32
471,72.53,1.04,87.61,5.68,32
63,50.78,1.06,71.42,2.71,3
306,73.15,1.2,95.81,3.71,18
263,67.77,1.09,53.31,5.67,12
490,34.1,0.98,100.0,0.5,45
358,77.25,1.06,86.72,3.02,25
289,28.65,0.83,60.57,0.55,31
216,61.32,1.09,90.18,2.6,15
135,67.14,1.06,65.35,4.56,6
291,62.26,0.95,46.32,7.01,12
88,52.51,0.73,57.4,3.52,7
332,75.77,0.95,73.29,4.42,21
106,62.49,1.12,65.75,3.46,3
275,80.01,1.03,95.8,1.92,39
79,41.77,0.92,64.8,7.7,4
373,71.86,1.09,51.64,3.21,15
189,57.03,1.09,69.39,6.35,13
62,49.05,0.93,50.9,4.57,3
157,68.36,0.99,77.87,3.02,8
440,66.86,1.07,74.42,2.48,19
446,86.4,1.07,75.59,2.6,41
227,63.75,1.12,50.69,7.86,13
277,43.03,0.98,100.0,5.63,15
470,64.81,1.01,62.59,1.29,31
172,72.03,1.06,56.04,7.86,5
358,42.32,0.91,70.13,3.39,24
333,46.58,0.98,73.24,4.83,18
127,62.62,0.91,45.0,5.63,7
356,68.02,1.06,58.2,4.24,18
132,53.88,0.94,67.35,3.75,4
150,57.14,1.11,66.26,3.15,5
154,60.54,1.26,62.38,3.42,8
165,61.87,0.98,32.2,3.59,6
417,91.94,1.08,82.72,1.25,54
281,64.0,0.97,71.97,4.81,13
100,82.39,1.0,26.58,3.47,10
76,69.46,0.85,17.39,5.28,6
263,76.87,1.04,82.5,5.26,16
133,58.28,0.81,72.25,6.79,10
463,47.72,1.04,100.0,4.72,37
104,58.37,1.0,76.14,8.13,4
493,67.94,1.19,95.57,5.81,37
220,63.01,0.98,88.73,1.08,25
315,78.44,1.0,68.68,7.49,18
54,66.77,1.02,48.2,2.53,2
433,75.32,1.16,62.03,6.87,28
286,59.22,0.83,71.48,3.34,22
233,76.97,0.81,70.91,5.62,22
66,57.77,1.04,63.46,4.35,3
201,67.25,1.19,95.73,3.28,13
384,48.04,0.99,66.45,7.38,19
414,56.15,1.07,70.5,1.41,29
195,97.94,1.1,96.07,3.78,22
121,89.47,1.06,54.86,4.02,8
250,51.47,1.08,64.16,4.38,13
253,59.94,0.96,58.5,3.8,11
137,61.33,1.04,57.95,4.67,9
499,96.4,0.85,93.19,6.45,65
168,68.05,1.0,65.02,7.71,6
375,62.91,1.12,61.15,3.82,16
56,48.2,1.05,62.97,5.01,2
101,58.65,0.86,50.52,5.91,6
53,41.03,0.98,90.42,0.86,4
225,47.94,0.91,100.0,4.57,15
204,66.58,0.89,79.96,5.79,13
307,64.7,0.99,94.41,2.35,19
488,80.54,1.03,75.97,4.82,39
62,71.33,1.16,65.99,0.97,4
376,37.94,1.02,44.4,3.6,25
80,64.29,0.84,51.19,3.38,4
483,65.71,1.19,31.26,3.68,15
375,55.96,1.03,82.99,5.66,24
301,69.27,1.0,58.64,2.94,17
163,57.12,1.0,56.55,4.95,5
187,56.81,0.95,37.5,4.88,7
147,66.18,1.11,50.61,4.34,8
350,70.42,1.08,96.11,6.49,19
459,55.89,0.96,56.27,1.63,32
448,73.78,1.05,9.08,5.93,22
231,44.04,1.12,76.42,4.17,13
272,72.67,1.03,57.7,4.58,16
340,63.12,1.08,67.7,3.73,18
497,78.14,1.03,74.88,7.46,23
464,44.16,1.1,55.06,4.59,22
438,68.45,1.14,48.28,7.01,26
285,62.5,0.95,55.8,5.1,14
371,70.56,1.1,80.59,3.57,20
223,62.3,1.05,100.0,3.29,12
496,52.86,1.25,76.54,5.42,35
314,68.01,0.97,44.53,5.17,14
391,57.72,0.99,81.32,4.64,23
481,84.01,1.03,46.86,1.83,45
139,74.93,0.84,61.93,5.51,12
270,49.14,1.06,52.61,3.81,14
422,52.93,0.93,73.93,0.5,30
174,69.85,1.13,95.9,5.59,13
253,72.71,1.0,100.0,4.3,18
498,67.99,0.99,71.58,3.58,27
380,52.73,1.06,44.35,4.45,16
73,71.31,0.94,87.62,4.5,5
487,50.64,1.02,88.37,6.55,31
267,57.38,0.81,74.58,4.41,18
227,49.35,0.84,78.26,4.07,19
75,72.33,0.87,74.95,1.5,6
382,73.77,0.91,58.19,3.35,18
488,62.33,0.91,61.65,5.19,26
421,51.53,1.02,94.35,4.19,28
483,60.2,0.91,55.67,3.12,26
292,23.39,1.05,52.43,5.98,12
292,72.57,0.96,65.72,7.13,10
61,64.14,1.11,54.53,4.76,2
186,57.82,1.23,62.55,5.72,6
219,48.65,0.99,63.99,2.49,11
221,77.28,1.02,100.0,2.83,15
147,63.0,0.96,76.39,3.49,6
79,74.82,0.93,56.88,2.88,3
52,52.81,0.88,100.0,3.37,5
494,71.07,0.91,87.51,5.89,30
118,49.11,1.18,60.78,2.96,6
211,55.8,1.02,80.92,0.5,18
175,67.37,0.96,88.2,6.26,11
253,90.95,0.85,46.72,8.16,28
304,54.95,1.04,47.55,5.73,12
324,86.63,0.95,71.12,3.88,32
219,22.44,1.08,86.93,2.19,14
121,74.6,0.87,63.86,6.9,10
210,59.07,0.93,71.21,3.92,10
331,34.74,0.72,86.28,4.76,32
265,85.84,1.16,83.57,3.06,29
495,69.23,0.98,77.34,4.23,35
327,73.35,0.99,88.67,1.86,28
232,56.52,0.95,84.37,4.18,14
279,89.98,0.97,68.38,3.73,27
241,51.15,1.02,44.84,5.96,14
140,75.98,1.0,51.07,4.36,6
73,87.07,0.93,49.26,5.83,5
365,50.75,0.92,64.6,2.39,22
201,60.59,1.03,78.67,3.48,9
372,66.85,1.08,75.26,2.58,19
370,73.66,0.99,98.14,3.53,29
176,64.42,0.89,95.76,5.71,16
499,73.49,0.94,60.74,6.04,25
210,47.34,0.93,39.35,4.55,11
60,75.84,1.01,90.14,5.54,4
398,60.45,1.09,81.5,2.87,29
170,63.68,1.16,78.13,2.58,8
445,63.22,0.92,73.9,7.02,25
327,69.34,0.91,82.53,5.3,29
65,68.81,0.98,53.47,5.67,3
186,71.55,1.01,75.8,5.69,8
257,57.67,1.07,77.68,2.51,13
65,49.87,0.99,93.09,4.19,4
326,67.23,1.0,84.75,4.6,24
325,85.04,1.04,91.66,3.37,34
67,62.59,1.07,72.75,5.3,3
375,64.0,1.15,55.33,3.88,15
302,57.19,0.86,64.79,5.97,25
65,34.24,1.07,80.14,4.39,3
346,54.38,0.82,69.6,3.83,28
486,64.15,0.97,56.49,6.81,17
275,69.5,0.89,100.0,5.61,30
248,84.81,0.91,82.55,3.94,26
281,62.24,0.95,63.4,4.94,11
396,75.2,0.98,35.84,5.16,23
369,84.23,0.86,72.69,3.98,41
316,73.82,1.06,31.77,4.69,14
150,53.62,1.03,65.51,3.29,6
133,62.02,0.91,73.74,5.68,6
243,86.05,0.94,79.59,0.5,32
442,66.65,1.06,57.27,4.61,19
135,71.23,1.08,69.75,1.68,9
468,67.2,0.95,100.0,7.22,26
286,68.49,1.12,51.62,3.57,25
271,73.76,1.06,55.11,3.67,14
329,53.02,1.01,89.43,6.23,20
91,52.67,0.88,58.61,4.25,6
437,64.85,1.12,56.77,3.64,23
152,60.59,1.0,57.88,6.96,9
408,59.26,1.03,53.53,3.46,25
56,62.34,1.0,21.69,4.55,2
312,37.47,0.89,83.02,5.95,28
58,73.81,1.14,78.95,3.5,2
452,68.58,0.97,81.89,2.99,30
373,97.18,1.09,89.39,5.44,39
335,60.87,0.86,71.76,6.33,26
253,79.74,0.86,81.75,4.09,25
275,54.08,1.14,100.0,4.78,22
286,87.93,1.04,51.66,5.84,28
431,67.97,0.91,71.46,6.62,17
291,63.15,1.03,56.89,4.03,11
188,81.79,0.89,78.29,4.84,27
397,71.59,0.78,59.79,6.78,39
270,69.35,1.03,67.06,5.63,17
390,68.75,0.94,51.42,7.26,18
441,53.49,0.91,21.91,5.13,29
88,52.13,0.98,65.42,2.5,4
317,68.43,1.07,44.52,6.6,17
245,67.98,1.02,100.0,3.04,18
111,57.07,1.0,79.88,5.83,5
488,72.16,0.96,71.84,6.29,17
493,75.89,0.9,61.19,7.08,39
189,46.78,1.05,100.0,6.43,16
158,68.19,1.02,88.03,3.56,11
148,69.65,1.05,75.11,4.51,8
135,57.18,0.98,53.74,6.16,8
347,94.38,0.82,66.25,6.82,41
113,77.15,0.98,75.72,3.85,6
215,39.92,0.93,54.26,5.84,9
128,56.86,0.97,43.18,5.99,6
451,55.2,1.08,88.67,0.98,41
193,57.4,0.92,87.79,7.68,14
443,65.62,1.1,76.69,7.46,17
236,67.04,1.04,83.78,2.53,18
325,66.3,0.96,79.84,4.58,13
103,64.6,0.95,72.52,9.56,5
167,44.12,1.17,67.7,3.81,9
322,48.17,1.0,83.2,6.08,24
268,75.59,1.12,79.67,6.62,13
281,77.08,1.16,75.24,6.09,17
230,64.4,0.86,67.32,5.54,22
445,56.16,1.02,62.81,3.32,16
326,60.12,0.91,56.99,5.72,16
60,52.56,1.01,64.71,5.47,1
190,71.54,1.08,77.85,5.41,6
446,65.75,0.92,83.48,7.88,32
245,74.48,0.94,61.5,6.62,12
252,82.98,0.99,65.77,5.99,23
408,77.54,1.15,71.14,5.41,21
202,33.6,1.11,94.26,6.1,12
188,69.1,0.79,68.16,4.53,16
450,79.6,0.9,58.93,2.2,23
213,63.75,1.01,44.33,7.02,11
210,89.31,1.02,61.07,4.1,19
269,65.09,1.08,82.92,5.01,18
199,81.18,0.92,20.9,4.04,20
201,78.64,1.15,21.51,3.74,10
345,68.04,1.24,86.54,6.82,22
170,39.65,0.98,57.33,5.67,8
342,53.41,0.92,82.85,4.56,15
100,68.63,0.81,93.64,5.78,9
317,62.25,1.18,80.12,2.39,21
338,63.85,0.92,41.16,5.8,22
320,51.71,1.0,99.13,3.9,24
320,78.48,0.91,43.02,3.88,9
51,44.28,0.95,40.34,2.86,1
347,71.53,1.17,92.67,3.46,28
198,57.82,0.92,93.39,3.18,14
335,78.21,0.87,75.27,6.94,28
487,100.0,1.13,100.0,2.1,56
484,65.2,0.96,21.89,5.94,29
436,47.58,1.07,48.41,5.05,27
465,51.92,1.14,38.92,7.41,28
178,60.64,1.01,85.18,5.89,12
442,76.47,0.9,75.68,5.02,18
175,62.45,0.98,37.73,6.36,9
260,86.0,1.04,70.71,3.81,23
237,82.24,0.9,60.97,5.81,21
451,62.82,1.1,78.18,3.39,25
174,82.96,1.06,76.86,7.66,14
490,56.29,1.03,100.0,5.58,32
211,58.65,0.92,60.04,3.47,8
218,98.36,1.16,100.0,5.37,22
134,49.99,1.03,88.3,4.0,7
153,77.0,0.83,65.59,2.34,15
237,82.17,1.06,77.51,4.84,24
366,52.83,0.96,76.38,3.17,15
72,52.13,0.94,64.15,3.12,3
188,43.34,1.14,99.25,4.86,13
483,83.92,0.89,68.64,5.36,61
264,76.29,1.08,48.67,4.6,12
477,80.66,0.96,49.4,2.34,44
325,90.76,1.16,89.3,6.23,29
208,67.66,0.87,26.44,3.1,16
139,35.34,0.88,87.42,7.73,13
463,50.27,0.87,57.88,4.91,38
475,36.61,1.03,46.24,3.71,26
468,66.37,1.16,59.92,2.0,17
364,44.99,0.97,81.74,3.15,28
379,53.45,0.96,30.48,3.36,14
212,18.93,1.08,66.59,0.5,11
68,58.68,1.04,89.6,6.04,5
391,75.32,0.94,68.86,6.87,20
188,64.1,1.02,81.99,7.24,11
53,68.23,1.08,83.61,4.22,4
254,82.1,0.88,100.0,6.46,33
459,55.57,0.97,49.27,4.09,22
491,74.89,0.8,93.21,2.9,54
250,70.84,1.08,71.72,3.33,11
190,70.78,0.93,85.09,6.5,13
383,94.4,1.05,71.66,4.57,25
492,76.18,1.17,55.78,2.62,23
283,55.61,1.01,94.16,0.5,29
101,58.9,1.02,42.36,3.53,5
104,79.88,0.96,58.8,6.74,4
341,72.34,1.18,87.18,4.0,26
160,75.86,0.88,37.92,1.86,14
320,88.31,0.93,56.77,6.01,26
216,88.24,1.08,65.28,5.18,17
100,81.46,1.05,96.02,3.34,10
159,76.37,0.87,92.14,4.22,16
60,41.78,0.9,78.13,4.15,3
165,74.59,1.06,66.85,2.31,7
196,78.22,0.82,7.59,4.92,15
63,33.21,1.12,63.4,4.45,2
270,39.3,1.03,50.04,4.49,12
332,65.62,1.08,66.51,4.55,14
318,42.32,1.22,65.33,1.46,25
346,64.89,1.02,64.08,7.68,17
278,62.2,1.04,64.47,4.73,15
325,62.79,0.8,77.07,8.63,25
348,62.33,1.01,42.31,4.87,15
141,69.05,0.96,100.0,4.41,8
210,67.37,0.98,63.48,5.28,10
376,66.69,1.09,100.0,4.83,29
340,76.13,1.04,60.6,4.91,16
212,77.64,1.03,53.63,4.52,12
461,45.44,1.08,58.81,0.5,38
293,80.02,0.91,12.1,4.46,30
236,85.96,0.83,64.09,4.29,24
125,81.41,0.95,54.73,3.95,11
131,69.72,1.0,40.43,3.52,4
110,62.67,0.8,18.58,0.55,10
247,61.0,1.12,100.0,7.07,8
238,67.25,1.01,52.87,3.03,7
388,61.24,0.9,63.16,2.49,19
218,63.73,0.81,100.0,3.77,23
72,63.29,1.01,35.07,5.16,2
252,65.4,0.97,68.89,5.35,13
397,65.65,0.98,69.49,3.32,19
378,60.67,1.08,78.71,2.91,20
51,55.05,1.01,49.28,6.21,2
331,57.41,0.91,94.59,4.06,23
236,74.51,0.94,71.46,1.25,15
119,59.65,1.12,93.34,2.85,5
427,36.45,1.01,68.95,4.21,21
97,68.14,0.94,100.0,3.72,6
346,80.52,1.31,75.6,4.73,30
114,69.33,0.99,55.57,4.66,6
180,91.73,1.0,45.34,7.28,13
489,43.54,1.09,99.74,2.29,33
92,61.76,1.1,56.47,0.69,6
296,66.17,1.03,62.89,2.99,13
431,72.48,1.19,66.72,5.9,17
268,67.5,0.91,43.32,4.96,16
168,65.53,1.28,22.18,3.84,5
455,81.45,1.07,100.0,6.06,45
203,72.96,1.03,65.24,3.68,13
405,46.45,0.96,55.77,5.45,20
449,82.47,1.02,100.0,3.19,41
254,28.47,1.07,53.7,4.85,9
387,61.02,1.03,93.21,1.56,37
129,64.66,0.99,61.97,4.92,6
255,46.33,0.98,67.61,2.29,14
99,49.62,1.04,79.42,0.5,7
308,100.0,0.85,100.0,1.26,48
70,81.29,0.89,61.69,6.0,8
369,62.55,1.06,50.43,1.74,19
100,84.48,1.26,76.76,5.79,8
235,56.94,0.98,74.35,3.0,9
238,66.61,1.02,100.0,3.88,17
326,74.25,0.96,79.39,4.3,19
343,79.72,1.03,42.18,3.54,16
383,39.66,0.95,72.21,4.76,22
445,82.86,1.16,90.45,3.43,37
254,69.69,0.98,70.39,3.71,13
158,90.07,0.91,80.11,4.33,19
457,71.09,1.04,85.92,3.43,28
145,59.02,1.05,80.12,8.48,10
331,49.06,0.89,86.62,4.82,36
249,82.71,1.04,50.67,2.91,22
228,30.29,1.07,87.72,5.96,14
435,59.75,0.98,64.16,3.69,27
134,65.01,0.94,93.32,1.17,10
307,58.47,1.14,38.49,4.01,15
136,74.09,0.99,82.05,3.61,12
272,77.45,0.88,39.02,4.99,25
159,69.32,0.92,76.52,4.51,10
317,80.01,0.95,88.94,2.67,39
129,78.08,1.17,82.46,4.98,9
324,66.41,0.9,53.39,8.02,26
50,91.19,1.07,68.34,3.55,5
74,51.53,1.11,80.09,3.36,5
430,61.2,0.9,81.19,1.5,56
184,41.27,1.08,58.73,4.43,8
278,67.19,0.99,78.93,4.9,16
218,52.18,1.13,49.24,7.46,10
78,48.85,0.99,100.0,1.23,7
116,67.44,0.89,67.32,3.66,10
258,53.53,0.86,71.39,6.23,16
425,84.6,1.03,59.59,5.53,39
90,56.38,0.96,72.19,7.09,5
130,82.0,0.88,64.06,6.85,14
96,72.93,1.01,90.51,9.78,7
464,37.2,1.02,75.32,4.21,24
64,46.7,0.91,69.21,6.02,3
365,78.01,0.95,81.53,1.48,33
164,71.79,1.09,49.85,8.12,9
388,88.23,1.03,94.43,4.77,42
365,60.0,1.06,37.44,2.91,19
238,65.51,1.03,77.97,4.99,13
156,63.17,0.95,79.59,4.27,8
435,68.5,0.93,58.24,4.96,16
272,70.25,0.97,32.56,2.15,14
238,80.61,0.87,79.61,2.75,28
466,49.53,1.19,84.4,4.71,34
387,71.93,0.88,65.94,2.96,34
66,84.07,1.15,72.85,5.37,6
136,93.03,1.0,53.96,2.21,13
212,56.43,1.07,67.9,1.67,16
221,32.91,0.99,96.55,8.92,14
52,43.51,0.9,81.37,6.17,3
474,46.75,1.11,70.85,1.19,30
280,74.15,0.85,62.48,1.15,28
402,56.44,1.02,79.26,4.77,27
103,70.1,1.11,66.92,4.18,5
170,42.84,0.83,73.93,4.03,13
224,56.94,1.22,51.22,2.64,14
255,43.22,0.95,57.25,5.3,15
305,72.07,1.0,95.57,6.67,18
320,65.69,1.13,74.16,2.36,21
156,50.21,0.84,56.0,4.58,12
234,56.72,0.89,100.0,8.23,20
53,88.73,0.86,33.92,3.73,6
265,57.44,1.06,37.9,2.65,10
460,60.35,0.97,97.4,6.9,32
430,64.28,1.02,35.32,1.31,34
382,54.85,0.94,69.43,2.27,15
264,83.04,1.09,100.0,3.12,32
75,73.31,1.18,48.72,2.79,4
453,47.84,0.89,53.77,5.05,32
191,68.66,0.91,93.52,2.53,13
254,37.95,1.11,25.42,3.7,14
482,69.0,1.06,92.23,2.45,31
203,55.99,1.01,71.47,6.44,12
220,72.41,0.92,62.27,9.28,9
182,74.66,1.02,66.13,4.25,7
346,38.51,1.09,90.38,3.31,22
140,37.14,0.95,29.51,4.11,6
313,77.52,1.05,89.75,2.99,19
51,73.02,1.01,42.43,5.96,3
202,49.36,1.1,92.55,0.61,20
353,58.86,1.02,88.34,5.42,26
177,28.23,0.98,100.0,2.86,16
70,55.1,0.92,89.03,1.01,7
211,60.43,0.95,82.38,7.28,15
413,45.76,1.07,73.56,4.03,19
416,57.63,1.01,97.16,4.37,26
299,51.11,0.99,67.13,4.17,15
382,66.14,0.94,94.71,5.49,22
135,96.36,1.08,69.73,3.81,11
299,35.54,0.95,62.7,3.81,15
368,57.31,1.07,97.81,8.07,24
264,30.48,1.12,57.67,5.49,13
341,70.94,1.01,100.0,1.73,30
308,71.47,1.21,41.23,3.47,15
373,44.89,0.97,99.56,6.53,27
91,59.23,0.9,100.0,6.45,5
452,66.75,0.87,87.6,1.63,55
330,52.79,0.93,63.81,5.92,14
149,76.06,0.93,77.19,4.67,9
182,49.51,1.09,39.24,2.85,12
257,70.47,0.93,44.31,7.45,14
368,61.56,0.87,56.45,2.41,31
172,73.59,0.91,41.66,1.16,11
346,49.75,1.15,94.25,3.25,21
168,44.25,1.09,85.68,2.7,10
120,58.08,0.94,48.18,5.32,5
259,57.2,0.88,92.82,2.14,27
316,39.77,1.14,60.25,5.76,15
266,52.25,0.95,80.61,3.17,18
450,60.28,0.92,64.5,5.12,23
487,57.52,0.93,49.97,3.54,26
384,65.96,1.07,100.0,4.04,21
170,54.13,0.97,37.87,3.75,10
371,45.95,0.83,51.57,2.29,32
436,80.98,0.97,95.37,5.48,42
353,86.37,1.0,97.14,2.48,40
233,37.14,0.86,87.91,1.02,27
299,82.51,1.07,76.02,0.5,27
213,73.68,1.05,100.0,7.01,13
177,77.3,0.95,63.13,7.41,9
292,51.44,0.82,4.91,6.89,18
392,88.5,0.93,66.05,5.61,27
470,63.38,1.11,83.71,7.3,31
227,85.19,0.84,55.3,3.51,24
390,73.74,1.05,44.1,4.94,21
80,64.48,1.05,68.57,4.42,5
130,55.87,0.9,75.07,0.91,12
485,68.68,1.1,96.5,3.08,33
270,34.49,0.88,80.28,7.6,23
332,59.18,0.88,70.02,1.94,29
420,93.34,1.07,48.92,6.55,40
414,64.42,1.09,83.74,5.95,35
270,76.51,1.0,91.79,9.23,15
440,61.62,0.93,67.53,4.51,21
245,48.65,0.99,100.0,5.32,17
191,47.97,1.07,74.8,7.3,8
217,53.59,0.96,77.65,1.88,14
261,64.38,0.84,58.17,5.69,17
330,73.44,0.85,48.54,2.92,28
226,60.46,0.95,100.0,1.96,23
146,74.82,0.92,91.83,6.06,13
294,72.71,0.96,38.23,0.75,21
439,68.91,1.05,75.13,8.53,19
78,71.48,1.09,85.54,4.56,4
427,72.15,0.95,68.09,2.28,16
308,68.16,0.82,56.1,5.45,22
462,60.38,0.92,67.49,6.51,21
326,48.43,0.99,85.99,4.17,26
111,74.13,1.11,69.38,2.53,5
70,93.4,1.11,98.58,7.37,7
234,60.37,0.97,87.07,6.97,15
137,67.89,0.89,100.0,7.32,13
479,56.44,0.98,30.55,6.23,19
154,51.94,1.08,76.64,10.37,6
475,35.22,0.99,44.6,4.06,20
291,51.85,1.02,60.09,3.53,11
261,57.07,0.96,56.67,3.87,14
154,57.7,1.21,73.16,6.14,7
492,62.25,0.94,100.0,4.46,34
266,66.09,1.17,53.54,5.96,9
197,43.08,0.89,100.0,0.85,23
189,77.41,1.01,100.0,2.96,13
109,65.16,0.87,39.52,5.93,8
324,75.6,0.84,65.98,4.71,29
286,78.35,0.94,66.0,7.3,18
300,88.59,0.88,33.25,8.71,41
147,71.89,0.98,36.31,7.73,9
235,75.27,1.04,41.33,2.83,6
497,61.59,1.09,69.59,5.75,27
259,49.6,1.0,47.47,2.77,11
205,60.36,0.89,100.0,2.69,24
424,49.76,0.94,58.7,8.24,17
445,48.18,0.77,94.99,1.56,56
157,82.73,1.17,70.61,2.97,14
473,66.5,1.23,86.04,5.55,36
82,72.03,1.12,91.04,4.76,5
221,54.99,1.16,57.94,2.11,9
249,56.68,1.0,97.96,0.5,19
92,67.7,0.92,40.47,8.11,4
164,63.55,1.01,62.94,4.26,10
298,68.46,0.92,57.52,2.98,13
169,73.12,0.95,100.0,3.43,12
207,79.2,1.01,78.45,3.57,9
95,69.31,1.09,71.66,4.43,5
391,73.89,0.99,84.67,3.05,23
101,58.9,0.91,60.18,1.27,4
328,91.26,1.0,75.15,3.24,30
229,54.24,0.63,71.5,5.43,16
477,62.98,0.83,64.26,6.8,36
129,60.23,0.85,87.38,4.83,12
56,37.42,1.09,62.64,5.91,2
247,82.57,1.03,93.03,4.86,25
215,75.36,1.0,70.08,3.32,12
354,67.32,0.87,50.25,4.11,28
243,67.93,1.05,58.43,4.35,12
232,77.4,1.01,69.71,8.19,8
479,66.67,1.24,75.99,5.03,20
52,90.64,1.19,60.66,7.26,5
381,60.85,0.93,44.92,3.39,13
338,96.37,1.01,86.96,4.28,34
309,60.75,0.95,64.41,4.49,14
383,52.4,1.0,83.88,2.67,25
175,75.61,1.08,100.0,7.21,14
90,86.66,0.98,47.49,4.0,8
110,61.79,1.13,89.61,9.63,7
321,58.54,1.18,70.37,3.69,19
445,89.24,0.94,66.69,4.06,41
313,58.45,0.98,87.28,3.72,15
237,59.86,0.93,57.9,6.11,13
62,57.47,1.05,39.55,6.1,2
329,76.42,1.07,41.37,5.12,20
64,55.45,0.72,91.96,4.56,6
174,67.18,1.14,63.86,1.92,15
320,72.99,0.96,65.88,7.71,9
149,85.47,1.11,42.3,3.01,14
123,75.96,0.97,70.57,2.63,7
221,66.98,1.2,100.0,3.27,16
461,93.12,1.01,32.28,4.61,45
110,77.48,1.04,97.02,9.48,6
118,60.07,0.83,82.39,3.1,11
434,61.7,0.99,72.05,3.9,24
136,59.19,0.91,71.58,4.54,8
297,36.95,0.91,51.92,7.29,14
286,83.71,1.13,32.5,6.38,29
370,58.46,0.92,60.44,4.41,23
405,35.99,0.93,63.29,2.62,14
401,54.27,0.93,78.22,5.55,20
375,27.82,1.0,36.38,5.12,20
214,69.58,0.93,80.25,6.08,13
402,65.47,0.94,47.97,0.5,26
242,89.86,0.96,90.19,5.21,25
326,63.5,1.19,67.72,6.67,16
237,88.33,1.01,45.47,4.66,20
51,61.37,0.97,13.71,6.31,2
317,34.02,1.21,64.34,0.5,22
185,65.5,0.84,76.54,1.79,14
216,61.49,1.09,68.2,5.49,14
453,76.38,1.02,37.26,6.72,27
187,69.22,1.15,44.59,6.81,13
109,59.33,1.24,86.83,2.27,9
495,40.64,0.83,100.0,8.62,43
402,64.87,0.86,90.66,2.22,42
266,49.41,1.17,74.9,5.95,11
237,84.3,0.82,69.44,0.5,34
414,50.05,0.91,66.24,3.79,18
356,54.58,0.96,61.75,3.56,24
169,75.79,1.18,68.34,5.8,7
180,100.0,0.89,63.53,5.37,21
276,77.5,1.02,63.5,4.37,14
388,34.92,1.08,56.54,5.57,27
245,39.23,1.02,88.1,4.05,20
411,54.44,1.02,62.68,3.58,22
325,64.87,0.91,48.25,7.0,19
263,81.09,0.96,59.13,1.82,28
86,55.61,0.9,72.44,3.66,3
480,49.12,1.06,84.42,2.72,29
270,94.69,1.01,92.99,5.49,29
182,63.6,0.99,74.68,5.87,7
440,48.23,1.15,51.44,6.99,23
160,37.86,1.13,71.08,5.35,9
53,59.54,1.12,71.32,1.45,4
326,99.09,1.19,57.32,4.36,29
116,64.45,0.83,70.36,6.92,8
331,71.18,1.1,69.65,1.48,20
342,84.87,0.9,87.25,0.5,49
76,45.95,1.07,42.02,5.09,3
436,53.6,1.07,91.19,3.39,35
92,76.46,0.89,71.87,7.3,6
493,94.72,0.96,94.1,4.79,56
193,78.52,1.13,28.93,5.76,8
395,60.26,1.03,78.78,6.17,24
343,66.17,0.98,71.46,3.3,19
155,86.11,1.04,86.32,2.38,18
405,61.45,0.95,72.55,4.83,21
187,56.74,0.98,100.0,5.69,13
408,53.7,0.91,9.38,5.53,13
130,60.73,0.94,72.57,3.31,6
69,57.19,0.95,75.88,2.95,3
52,57.13,1.04,80.39,1.93,5
325,95.85,1.04,78.16,5.69,26
103,49.16,0.89,51.81,6.02,7
389,44.78,1.0,66.57,2.34,20
63,56.91,0.81,49.84,5.22,5
109,60.59,1.1,80.39,4.94,6
85,63.57,1.17,25.09,4.89,5
495,59.7,0.95,51.6,7.96,30
312,59.6,1.06,86.54,1.48,28
288,30.84,0.89,59.99,3.47,29
344,99.19,0.93,70.71,5.25,28
220,66.97,0.92,71.22,6.35,14
133,91.74,0.98,22.42,5.84,13
408,41.21,0.95,86.21,3.37,19
93,62.21,1.06,64.59,6.79,6
304,51.61,0.93,73.3,6.39,13
303,53.96,0.97,82.2,4.42,23
115,85.24,1.07,44.24,4.61,8
483,82.76,1.03,74.17,3.57,32
285,74.56,1.0,65.31,4.43,17
320,51.98,0.98,39.35,2.24,19
59,78.09,0.83,50.14,3.08,4
76,38.98,0.89,71.03,7.44,6
386,56.16,0.92,79.48,4.59,22
329,82.84,1.07,69.44,7.23,31
418,52.66,0.76,53.77,5.41,33
467,71.32,1.08,72.32,4.96,22
480,44.95,1.08,68.83,6.76,14
324,79.91,1.03,67.42,3.48,17
115,52.26,0.88,89.17,4.41,11
227,56.13,1.06,56.76,5.05,8
424,65.44,1.02,99.9,1.87,39
328,74.26,1.0,100.0,4.09,22
486,75.24,1.05,47.12,4.99,30
379,59.86,1.09,51.2,4.99,18
466,55.69,1.1,84.09,8.2,30
382,50.83,1.19,48.22,4.05,29
453,70.93,1.01,28.65,4.94,28
273,51.88,0.85,28.94,2.14,21
52,82.24,1.01,88.77,4.02,5
466,65.45,0.86,82.47,5.02,49
381,65.04,0.79,56.35,1.84,38
186,50.3,1.19,68.6,2.15,9
349,55.25,0.98,100.0,6.49,27
159,57.97,0.9,100.0,7.55,10
124,48.76,0.98,100.0,5.91,9
67,66.18,1.18,42.25,7.73,3
253,87.11,1.04,87.01,6.28,25
231,82.34,1.14,43.2,6.99,21
407,86.41,0.91,53.77,6.01,37
424,78.25,1.13,53.59,7.14,17
121,78.47,0.93,93.57,3.9,6
196,84.24,1.3,51.95,4.09,16
99,63.58,0.98,73.0,4.52,3
322,66.32,0.99,60.14,4.68,22
365,63.44,1.02,82.3,5.92,25
383,36.51,0.97,34.75,3.22,21
92,42.42,1.08,45.45,5.86,4
120,50.66,1.23,41.85,1.9,9
431,75.7,1.02,69.8,0.72,36
498,50.34,1.17,86.42,2.68,36
235,69.45,1.12,63.15,6.6,13
422,59.21,1.1,72.16,9.71,21
294,65.9,1.07,80.03,0.5,25
168,67.91,0.98,85.05,4.58,12
86,79.43,0.87,63.6,4.79,5
132,46.74,1.03,69.47,1.06,11
393,58.78,0.79,99.9,0.55,50
374,75.61,0.91,41.83,2.84,19
353,45.49,0.96,74.69,5.7,20
129,43.53,1.04,78.24,5.73,5
125,27.42,1.08,72.29,6.67,5
359,82.03,1.19,68.17,4.45,33
207,57.03,1.07,68.44,3.95,9
64,39.79,0.95,75.59,6.47,3
276,99.67,1.18,89.8,6.61,32
469,55.24,0.97,100.0,3.88,34
386,73.12,0.98,53.0,9.56,15
143,49.56,1.16,56.27,3.48,8
494,53.11,1.06,82.04,5.56,36
329,100.0,0.96,58.15,5.15,27
124,70.99,1.12,75.01,4.56,6
248,64.05,0.86,41.68,7.1,15
472,78.29,1.01,80.34,4.28,25
96,35.97,0.95,96.61,4.26,5
232,57.71,0.93,81.31,4.87,16
132,83.83,1.07,78.92,5.1,12
492,67.45,1.01,63.06,7.45,14
294,60.88,0.95,56.22,5.44,18
290,82.57,1.01,75.64,3.19,23
261,51.41,1.01,76.27,1.53,19
249,85.19,0.98,68.69,6.09,23
126,78.65,0.99,83.81,0.5,7
289,47.32,1.17,75.63,5.04,11
268,71.17,0.91,92.42,6.11,21
196,65.13,0.97,57.2,4.64,7
211,55.03,0.99,71.2,5.15,14
320,75.82,0.95,99.08,4.57,21
325,53.3,1.07,58.82,3.58,19
415,59.3,0.99,79.29,2.7,16
386,100.0,1.07,18.45,3.87,34
485,42.85,1.2,79.34,3.27,34
478,51.3,1.0,54.03,4.94,26
361,60.58,1.02,65.75,1.76,24
233,54.39,1.22,76.54,2.83,15
382,96.17,1.08,68.84,7.79,29
127,67.12,1.01,43.62,4.34,5
265,13.87,0.96,96.9,3.03,16
450,63.04,0.89,79.26,5.38,38
297,26.63,0.98,49.84,4.45,8
263,59.01,1.0,67.23,1.41,21
64,61.59,0.96,100.0,7.32,4
164,80.27,0.77,79.23,3.91,18
96,58.6,0.99,71.39,5.19,3
417,95.05,1.02,68.39,2.79,32
355,76.56,0.87,71.68,2.34,24
293,74.2,0.94,74.5,4.62,12
371,59.83,1.0,100.0,5.54,22
128,82.47,1.09,70.69,3.78,12
370,75.12,1.01,35.64,6.23,16
172,72.27,1.0,65.22,3.2,8
440,64.29,0.85,74.7,0.53,42
311,48.57,1.0,61.91,5.0,17
349,61.74,1.07,67.05,4.56,16
327,56.96,0.94,51.49,2.34,22
188,66.87,0.76,56.42,3.54,11
269,84.87,1.05,69.46,8.13,24
354,57.22,0.96,91.26,0.65,26
384,89.4,0.97,53.86,5.52,35
136,69.84,0.98,70.21,6.78,5
499,72.84,1.06,46.16,4.8,29
188,51.79,0.98,73.49,5.44,9
477,39.74,0.93,82.05,4.2,40
294,33.69,0.91,82.08,1.27,27
127,85.91,0.96,58.23,6.35,9
365,71.46,0.92,73.22,2.74,20
416,54.26,1.09,100.0,3.27,28
213,72.35,0.99,87.56,6.08,14
319,100.0,0.92,57.07,2.71,28
74,88.63,0.92,65.02,6.25,6
169,41.74,0.89,29.8,3.14,15
454,56.6,1.08,64.95,0.5,33
436,91.28,1.12,78.17,6.33,30
64,52.66,0.97,64.81,8.7,3
121,50.02,0.83,100.0,2.21,10
290,89.29,1.06,38.81,2.34,27
224,74.15,1.01,66.01,3.67,11
77,44.65,0.98,54.25,1.86,5
87,90.14,0.99,56.83,2.63,8
408,53.31,0.96,100.0,4.01,31
457,47.04,0.8,75.37,3.91,37
311,74.52,0.92,100.0,3.95,28
74,74.53,0.96,45.89,2.52,3
151,58.34,1.0,62.0,11.25,8
122,65.23,0.96,76.67,4.8,5
224,55.61,1.05,87.89,4.12,12
395,62.16,0.99,25.68,4.11,23
206,48.98,0.92,66.8,2.78,10
441,67.57,1.06,47.36,2.91,23
384,49.93,1.17,71.29,9.14,15
495,52.04,1.11,63.67,7.25,28
257,20.85,0.99,67.94,3.58,13
478,95.0,0.92,100.0,4.27,60
331,69.61,1.01,82.36,4.73,22
148,54.18,1.01,86.63,6.1,8
194,93.67,1.12,77.08,3.45,15
363,73.27,0.99,61.78,5.98,17
421,47.17,0.89,68.16,3.31,34
76,37.05,1.08,70.68,5.91,3
240,66.97,1.07,67.7,8.02,14
191,44.47,0.98,55.21,2.72,13
285,54.94,1.01,66.57,4.67,14
435,86.02,1.25,59.47,4.06,39
280,66.45,1.27,54.26,7.97,17
250,71.43,1.08,100.0,6.41,17
478,51.64,0.88,46.52,4.21,41
400,70.61,1.06,72.16,6.68,17
150,71.19,1.13,78.1,1.86,9
421,62.24,0.98,42.71,2.64,24
320,68.46,0.84,53.26,4.09,25
61,100.0,1.12,53.44,5.93,4
397,44.43,1.04,73.82,6.4,22
92,78.88,1.02,83.53,4.42,6
406,82.47,0.88,77.58,1.02,58
430,47.65,1.25,100.0,1.85,42
72,49.74,0.83,64.79,3.85,5
248,69.31,1.09,58.03,2.76,13
408,64.51,0.98,53.03,5.6,18
265,77.22,0.91,74.29,4.16,17
266,62.43,0.98,58.15,3.51,15
276,53.2,1.03,34.89,5.41,11
288,55.63,1.05,67.12,3.18,13
325,70.06,1.07,37.57,1.82,18
120,62.34,1.1,62.38,5.71,7
394,64.13,1.12,60.29,5.27,9
389,62.22,1.02,57.7,4.62,14
305,93.69,0.87,100.0,6.01,43
486,50.23,1.0,33.42,2.75,28
429,82.94,1.18,64.74,0.5,44
423,100.0,0.97,80.97,6.6,48
69,55.99,1.06,70.06,5.67,3
458,72.19,1.11,98.93,5.18,31
455,22.91,1.04,99.37,2.76,27
171,73.85,0.83,48.89,3.85,14
486,61.15,0.95,95.58,3.32,42
330,82.09,1.06,100.0,5.16,38
241,61.45,0.72,77.81,3.03,18
108,65.09,1.14,74.64,4.67,4
183,59.71,1.21,68.12,6.83,8
271,75.64,1.12,93.75,6.82,18
281,38.47,0.96,75.01,3.75,22
327,73.23,0.99,78.12,4.53,13
259,31.16,1.04,73.48,3.26,8
59,74.45,0.91,86.58,3.84,4
447,62.29,1.06,66.1,3.05,23
221,100.0,1.07,95.36,6.06,22
238,73.08,0.91,68.68,6.95,7
379,69.52,0.96,63.78,4.8,11
218,86.63,1.02,31.73,4.4,20
166,49.92,0.95,81.63,4.94,11
164,100.0,0.99,89.02,2.52,15
285,78.71,0.74,58.57,3.3,24
149,59.91,1.1,82.94,3.13,8
390,60.67,1.11,75.43,4.21,19
358,45.95,1.11,47.27,1.95,23
468,67.45,0.87,53.96,1.82,47
458,89.26,0.92,92.87,4.87,51
325,35.45,0.89,61.63,3.1,27
386,82.94,1.08,84.13,4.33,41
491,90.28,1.08,54.02,0.93,56
299,50.27,0.93,77.7,6.1,18
314,88.54,1.04,46.1,5.5,30
420,49.15,1.09,95.5,9.45,30
176,49.28,1.02,40.04,4.11,8
391,72.66,1.02,80.61,4.26,27
390,78.59,0.91,68.49,4.31,26
114,77.72,1.06,72.8,5.65,5
215,62.87,1.17,83.27,4.91,15
211,36.31,0.96,100.0,4.39,15
222,55.66,1.04,52.38,6.68,7
456,54.47,0.86,64.14,3.58,40
320,50.46,0.99,62.45,10.82,18
337,69.6,0.99,68.74,5.54,22
382,69.84,0.89,39.19,7.44,33
85,88.33,0.98,74.81,3.79,8
253,77.91,0.99,64.55,0.59,16
159,73.2,1.08,76.68,5.44,10
256,53.11,1.18,46.28,0.5,22
338,64.03,0.95,90.31,4.87,23
158,76.7,1.16,62.1,3.44,5
109,85.35,1.13,70.39,6.37,10
380,61.21,1.12,46.71,2.09,19
307,77.09,0.88,94.44,3.34,27
154,70.24,1.09,62.37,1.32,12
163,74.43,0.87,81.02,3.12,16
159,54.03,1.05,82.7,5.3,7
496,46.91,1.18,44.9,5.56,28
347,36.11,1.21,93.23,4.58,24
288,49.36,0.94,90.1,8.39,15
260,49.38,1.03,57.02,6.27,9
495,58.98,0.95,51.16,5.12,28
252,57.3,0.93,89.9,9.23,18
310,86.3,1.06,55.87,5.94,27
486,60.69,1.08,59.67,3.95,23
225,53.32,1.19,55.62,4.31,14
311,57.1,0.89,88.53,6.14,29
151,58.61,0.83,79.43,7.04,12
244,52.29,1.0,60.17,8.98,7
177,51.03,0.92,68.46,4.68,6
302,60.4,1.01,68.96,1.9,17
215,91.07,1.04,76.78,4.24,19
298,61.05,0.96,68.16,4.87,18
364,90.16,0.95,76.19,5.9,30
171,58.1,1.07,93.44,5.61,11
302,76.01,0.85,81.3,5.87,27
325,52.7,1.03,86.37,3.49,23
101,75.45,1.16,81.16,0.73,9
418,60.88,0.92,36.4,2.87,19
405,49.93,1.01,62.67,4.85,20
65,50.2,1.05,84.73,2.82,4
396,66.97,1.06,40.74,5.36,17
308,37.17,0.95,84.92,5.5,22
402,68.56,0.88,51.23,3.41,31
315,80.76,0.96,47.5,3.83,31
178,62.61,0.9,76.34,6.75,7
309,73.84,1.07,39.1,3.77,16
128,62.68,0.99,82.12,3.02,6
290,70.67,1.07,57.25,6.12,14
98,67.92,0.98,84.23,5.3,5
443,50.6,1.16,87.84,4.19,22
277,45.31,1.2,39.0,6.37,13
72,68.37,1.08,54.4,2.27,4
158,82.95,0.97,65.97,9.12,15
279,54.97,0.83,55.31,4.11,24
427,49.73,0.91,54.28,6.2,29
334,57.41,0.92,64.73,1.73,23
133,60.47,1.03,72.13,5.23,6
481,79.39,1.02,75.91,5.31,15
83,66.74,1.04,100.0,5.44,7
128,57.85,0.98,74.86,3.96,6
150,93.73,0.91,44.61,3.22,17
421,46.19,0.81,81.8,1.47,47
144,49.53,1.07,100.0,3.35,10
120,47.11,1.04,98.24,4.09,7
64,95.82,1.15,63.28,2.19,5
222,39.74,1.01,73.15,3.74,11
282,55.23,1.01,39.6,3.16,15
85,76.16,0.97,87.02,6.31,2
328,66.61,0.95,63.18,6.54,18
120,85.67,1.04,55.13,5.38,11
350,86.15,1.0,52.43,7.33,27
64,53.06,0.94,93.59,3.21,3
157,100.0,1.02,86.69,5.54,17
61,61.58,0.78,41.56,5.86,4
311,67.93,1.11,85.84,5.48,26
442,61.71,1.11,73.94,4.23,22
160,46.48,0.88,90.69,1.06,19
223,63.75,0.96,35.9,4.0,10
180,66.48,1.06,69.11,0.61,11
216,65.02,1.09,97.42,2.65,18
112,66.19,1.11,81.17,4.57,7
118,34.9,1.03,76.84,2.3,5
192,69.19,0.98,62.3,2.93,9
204,61.01,1.06,73.5,4.89,10
475,62.43,0.99,35.82,5.28,23
213,89.15,1.22,43.8,3.7,18
297,59.86,1.07,99.15,1.45,25
386,99.94,1.01,67.38,6.54,34
287,57.64,0.97,47.58,1.09,23
128,37.36,0.94,67.99,4.17,4
282,76.58,0.96,82.45,5.8,22
101,36.72,0.85,34.29,0.77,11
174,57.63,0.94,34.64,4.54,8
427,74.8,0.96,74.71,7.84,19
86,87.03,1.04,67.25,4.99,7
197,34.46,0.85,100.0,4.57,20
136,70.75,0.9,96.6,1.15,11
234,90.16,1.08,44.3,4.61,18
342,54.04,0.96,69.6,6.75,23
496,92.41,1.05,60.56,1.22,56
60,51.0,1.07,65.06,0.65,5
165,58.49,1.13,88.18,2.48,9
260,39.88,1.08,100.0,3.64,19
385,66.94,1.04,77.84,4.54,22
414,70.18,1.09,100.0,3.22,31
386,69.81,1.14,71.38,3.76,15
72,73.02,0.82,89.9,6.37,7
338,70.59,1.08,94.73,3.68,18
290,63.12,0.87,63.37,5.4,19
245,63.95,0.93,89.15,6.34,14
142,58.27,0.96,71.94,1.27,7
481,70.43,1.05,65.45,2.93,33
136,72.74,0.95,62.6,3.44,7
264,59.91,1.14,65.76,4.57,13
216,73.89,1.04,90.55,5.3,14
123,61.05,1.09,74.5,3.36,7
368,62.29,1.06,82.22,4.59,26
73,67.15,0.78,79.65,5.82,6
238,73.07,1.09,100.0,3.25,16
265,66.17,1.0,66.6,1.2,15
477,60.15,1.13,89.5,5.24,26
254,64.25,0.9,68.44,4.36,21
155,89.64,0.9,27.66,4.48,13
53,62.33,1.13,74.95,6.65,3
278,53.06,1.17,90.54,6.12,19
425,87.71,0.87,78.96,5.18,52
136,50.71,0.95,75.68,3.55,4
224,56.87,0.84,65.85,5.75,21
457,59.48,0.89,80.64,3.36,41
415,62.38,0.98,78.54,3.31,17
175,46.63,0.91,100.0,5.27,12
467,61.25,0.95,88.34,5.01,30
336,58.03,1.08,74.36,1.75,27
289,63.07,0.9,100.0,6.09,16
144,88.14,0.86,72.29,4.28,18
206,63.44,1.06,91.24,0.69,21
110,41.22,1.06,80.39,3.27,8
458,62.5,1.1,72.02,6.83,27
395,76.72,1.01,90.91,4.1,29
220,64.39,1.04,63.57,2.85,9
456,59.66,1.04,66.78,3.11,27
398,68.59,1.01,32.15,7.47,16
163,33.1,1.0,75.43,7.68,8
61,80.66,1.02,93.04,5.54,5
422,86.55,0.98,71.38,3.91,33
368,76.03,0.91,45.81,6.99,21
351,85.66,1.0,49.47,4.16,33
468,66.27,1.18,89.81,4.26,36
317,84.18,0.8,74.9,4.64,37
216,54.41,0.99,80.12,4.09,15
291,93.61,0.93,71.63,3.62,20
73,75.52,0.98,61.91,6.56,5
102,39.33,1.04,58.71,3.71,5
452,80.76,0.87,45.0,2.84,52
451,77.3,0.95,54.04,6.54,16
261,60.48,1.06,76.24,3.08,9
121,73.78,1.06,55.67,6.97,8
452,48.65,1.02,28.33,5.34,16
132,58.54,1.2,40.55,5.97,5
172,59.96,0.95,82.01,2.85,12
411,66.38,1.02,67.89,1.89,27
226,65.94,1.07,87.05,3.09,19
184,71.08,0.92,37.79,6.01,7
419,59.92,1.08,100.0,3.11,24
62,39.26,0.96,93.61,1.36,5
477,71.1,1.01,60.97,2.55,23
437,65.97,1.12,45.42,8.58,26
474,72.14,1.2,41.88,1.12,36
377,58.24,1.04,90.31,2.16,30
142,55.28,1.07,88.59,5.96,7
356,58.25,0.71,56.79,5.1,26
394,61.67,0.91,68.44,2.25,13
417,55.83,0.98,35.98,5.25,21
149,65.96,0.95,66.06,4.68,6
351,60.56,1.07,66.77,4.06,17
114,66.17,0.95,44.95,5.97,3
53,84.57,1.01,68.96,5.06,4
485,68.41,0.93,68.16,5.43,21
354,49.96,1.12,99.07,3.18,30
264,79.64,0.88,82.27,6.18,29
216,71.89,0.87,56.83,6.79,19
251,60.95,1.02,69.4,1.15,17
267,64.45,1.19,81.48,4.33,16
463,49.87,1.12,40.21,4.01,25
133,52.88,0.82,72.48,4.71,10
449,79.95,0.96,42.09,4.37,24
454,68.88,0.89,81.9,3.27,43
131,68.57,0.96,72.83,6.31,7
297,86.92,1.0,78.51,2.64,23
210,45.75,0.92,76.61,5.02,7
403,43.1,1.02,81.45,5.8,27
271,47.65,0.84,61.34,3.38,21
301,69.23,0.97,43.18,2.73,10
418,45.4,1.1,99.59,4.03,27
499,43.63,0.98,63.96,7.67,26
458,67.49,0.94,77.62,7.1,14
409,66.87,0.88,85.15,2.82,30
291,76.72,0.86,73.55,5.13,19
452,77.34,1.03,73.61,2.59,19
106,83.68,1.04,73.4,2.07,10
343,62.66,1.13,39.17,5.74,11
289,70.99,0.86,40.69,3.28,22
437,63.0,1.02,72.29,4.5,17
499,81.63,0.98,99.08,7.29,56
364,58.67,0.95,20.29,2.42,15
182,56.9,1.06,93.21,3.81,15
331,58.17,0.96,100.0,6.61,26
334,82.53,1.04,86.86,0.5,46
172,43.77,0.92,62.0,5.51,8
425,62.78,1.03,100.0,5.06,34
179,56.46,1.06,52.85,3.73,9
493,95.81,1.18,71.97,2.26,38
374,46.96,1.15,61.93,6.14,24
127,66.22,1.03,88.23,3.88,9
383,48.36,1.17,70.92,4.01,14
245,71.72,0.99,76.7,0.5,20
277,92.13,1.09,50.86,6.23,26
337,63.44,0.93,36.61,3.24,20
190,79.02,1.04,47.65,4.42,11
75,46.13,1.2,76.65,6.22,3
399,55.52,1.14,100.0,2.72,30
335,81.7,0.98,71.91,2.44,30
234,59.86,1.3,70.78,0.56,15
318,49.14,0.78,86.65,4.83,32
229,86.46,1.1,100.0,5.32,25
208,41.22,0.87,31.78,3.37,20
424,73.38,1.11,100.0,2.4,25
58,60.62,1.22,49.3,3.86,3
265,69.13,0.95,95.99,4.68,21
493,68.12,1.07,78.52,2.36,20
122,100.0,0.95,65.66,3.64,11
133,37.07,1.18,76.15,5.9,5
270,79.91,0.9,77.62,4.61,11
63,57.61,0.9,34.8,3.61,4
497,68.83,1.11,73.72,4.88,24
288,77.16,0.93,86.75,7.78,23
273,76.32,1.01,68.83,2.03,14
304,44.85,0.94,72.21,6.89,12
247,57.73,0.94,66.63,2.4,11
117,72.3,1.04,91.19,2.93,8
349,88.17,1.06,97.22,4.63,41
495,87.17,0.97,49.63,6.48,40
65,77.98,0.92,55.98,5.37,3
281,67.54,1.01,59.26,1.14,17
440,74.28,1.2,72.47,4.07,20
74,66.87,0.89,77.9,7.98,5
139,68.93,1.12,49.72,3.11,8
154,42.9,0.98,36.36,5.46,5
468,65.92,0.95,56.87,7.1,28
473,100.0,0.93,80.91,3.92,51
160,71.79,1.05,87.3,5.84,13
334,83.18,0.93,48.43,5.22,26
270,30.77,1.15,52.71,2.31,14
322,59.4,0.88,78.12,3.33,18
483,63.3,1.16,83.46,5.11,31
70,56.25,1.16,51.93,3.23,4
355,44.37,0.91,79.78,3.41,17
484,73.11,0.92,88.76,1.5,36
363,54.93,1.01,64.38,4.75,19
265,71.51,1.16,66.44,2.83,13
213,66.87,0.98,68.37,5.53,8
72,65.63,0.93,51.03,2.78,3
101,52.17,0.97,48.95,3.55,3
93,37.5,0.86,75.68,4.8,7
109,40.92,1.01,74.37,7.42,8
79,41.71,0.95,41.84,4.65,4
112,76.65,0.81,56.99,3.79,10
110,71.21,1.0,81.5,5.56,4
165,87.85,0.93,95.66,4.74,17
490,63.28,0.93,65.99,4.34,27
498,68.51,1.08,48.36,2.41,30
77,65.07,0.96,66.04,3.31,4
130,68.5,1.21,53.28,3.97,7
256,64.73,0.88,44.83,5.24,19
251,86.82,1.19,80.94,5.7,27
125,79.54,0.92,38.06,2.96,7
268,87.74,0.85,70.2,3.12,31
383,71.04,0.98,75.36,1.61,33
265,99.11,1.03,65.57,7.28,24
227,84.98,0.98,62.22,7.22,17
477,57.01,0.92,89.11,2.1,29
358,48.44,1.07,100.0,5.32,20
119,70.22,1.11,57.16,1.14,7
410,76.34,1.04,69.18,2.68,22
392,89.33,0.95,43.35,5.76,38
447,65.09,1.03,51.62,2.95,24
326,52.85,1.06,51.85,4.55,15
471,74.24,1.08,64.52,3.79,20
212,65.6,1.09,81.82,4.19,16
126,71.01,1.27,56.79,7.05,6
453,68.96,0.87,96.75,6.03,49
353,71.01,0.91,53.44,7.14,18
195,66.82,1.03,68.13,4.52,8
123,53.73,0.98,36.0,2.41,4
450,54.49,1.13,63.3,7.95,31
314,96.71,1.19,50.7,4.98,24
219,50.95,1.04,72.39,6.06,9
132,58.86,0.84,82.25,6.24,12
240,72.15,0.92,66.54,4.73,12
454,29.07,1.1,64.49,4.86,16
277,78.8,0.89,54.92,1.91,28
303,60.24,0.9,84.81,1.98,35
383,60.85,1.02,54.6,5.88,15
133,36.49,1.06,56.53,6.28,8
496,63.05,0.96,69.12,2.75,27
191,89.79,1.06,71.05,5.69,15
475,73.43,1.03,24.64,4.55,24
201,62.6,0.91,82.92,2.47,15
211,91.52,0.9,54.07,1.55,29
426,65.66,1.15,48.14,3.33,13
343,62.42,0.99,100.0,6.4,20
294,66.5,1.02,97.78,7.34,26
168,34.97,0.88,61.1,5.58,14
324,77.15,1.05,71.26,3.46,12
122,64.05,0.99,93.97,4.53,8
497,80.68,1.12,62.35,4.02,42
64,32.58,1.01,100.0,5.46,4
408,84.69,0.85,74.45,5.94,50
389,50.68,1.05,69.2,3.5,23
435,46.25,1.08,90.85,3.57,29
291,62.86,1.09,60.42,1.61,18
200,69.89,1.03,91.53,5.4,12
219,94.03,0.91,55.17,1.58,24
238,66.17,1.11,88.88,2.15,19
161,59.57,0.94,30.1,4.67,8
131,67.71,0.93,53.09,3.96,5
489,45.51,0.96,58.34,2.76,28
348,48.41,0.98,73.87,2.56,15
137,81.78,0.97,73.14,5.84,11
170,49.15,0.87,82.24,5.64,17
353,65.77,0.96,62.8,7.72,15
430,67.65,0.98,85.04,3.52,33
59,42.69,1.01,94.95,4.77,5
53,85.01,0.99,43.89,6.78,5
134,65.02,1.23,68.8,4.34,8
417,64.21,0.89,89.16,5.55,42
491,58.83,1.01,32.16,4.38,25
128,63.71,1.11,96.52,2.37,7
378,63.75,0.98,83.45,8.19,31
401,30.02,0.95,46.61,3.26,27
396,70.31,1.09,62.25,5.93,17
77,43.84,1.03,85.16,6.95,6
491,53.29,1.22,88.11,4.8,34
470,69.34,1.04,28.79,3.28,24
300,37.28,0.95,45.83,5.32,11
339,71.5,0.88,35.66,5.9,27
125,67.91,0.87,57.66,4.45,8
424,86.42,1.23,41.13,6.58,41
87,70.98,0.96,64.41,3.76,4
294,77.53,1.19,72.08,0.59,19
318,73.42,0.95,85.29,5.29,20
435,81.91,1.06,49.69,1.72,49
126,56.4,0.84,60.53,1.98,10
239,63.85,0.8,48.78,5.17,19
247,82.2,1.05,98.0,4.09,27
382,39.77,1.12,64.29,7.1,16
160,47.83,0.94,57.29,4.35,8
380,36.66,0.85,81.36,3.79,30
166,69.1,0.94,91.39,4.08,10
225,68.39,0.98,63.79,2.61,9
241,81.83,0.98,59.54,3.02,25
138,58.22,1.14,60.91,2.45,8
410,86.06,1.02,88.99,1.07,56
350,64.88,0.96,59.97,2.36,17
68,83.27,1.1,66.65,3.69,6
138,67.2,0.84,53.0,1.22,13
451,41.57,0.86,74.42,5.66,37
97,74.06,1.11,73.3,3.93,4
194,80.66,1.09,75.76,2.4,16
251,66.45,0.98,58.91,6.85,17
380,53.67,0.92,67.07,5.74,21
100,87.5,1.25,100.0,3.11,12
372,77.6,1.03,98.93,3.69,25
325,68.54,0.96,40.44,0.5,19
380,40.53,1.12,73.29,3.46,15
151,67.62,0.96,69.87,3.79,6
436,52.81,0.89,63.1,5.82,28
472,54.6,0.81,66.8,5.15,42
376,74.68,1.11,59.48,4.75,17
314,80.26,1.13,95.03,5.41,36
251,52.11,0.93,56.02,5.12,11
261,19.33,1.12,100.0,6.26,21
98,57.07,1.19,100.0,7.23,6
206,68.67,0.85,49.95,3.7,17
231,88.71,1.09,91.15,4.34,21
406,58.17,0.98,73.34,0.5,32
447,36.44,0.95,70.87,6.95,19
425,72.69,1.11,69.16,0.5,26
96,71.43,0.89,50.52,3.02,8
92,78.15,1.15,79.45,5.55,4
263,48.27,0.97,62.56,5.06,11
185,56.07,1.01,68.15,2.18,8
262,57.23,1.05,57.46,2.24,13
212,63.54,0.96,63.52,2.37,10
207,71.26,0.91,75.06,7.41,11
312,67.64,1.12,88.03,2.61,19
306,52.26,0.96,69.77,2.66,16
358,74.43,0.99,99.43,4.86,22
374,52.73,1.15,89.36,4.65,22
412,53.04,0.99,82.99,7.29,30
339,52.09,0.9,62.03,7.46,28
460,73.83,1.09,91.63,2.82,28
106,72.22,1.03,86.75,4.83,8
299,63.1,0.97,83.07,6.6,13
429,51.1,0.95,39.71,5.6,21
286,39.42,1.16,44.43,4.62,12
236,29.3,0.93,78.24,2.9,12
465,66.6,1.17,64.81,4.57,18
194,60.84,0.99,85.44,5.56,12
170,73.89,0.97,59.42,4.64,10
324,48.25,0.9,83.76,3.81,35
310,83.15,0.99,64.45,5.89,36
295,61.38,1.09,70.56,2.99,18
263,47.43,0.89,64.87,8.71,21
57,69.34,0.98,82.7,2.45,4
396,72.12,1.05,76.09,1.69,24
451,59.68,0.95,78.94,6.87,22
281,83.72,1.2,100.0,4.0,31
114,79.16,1.02,100.0,4.14,8
262,77.07,0.97,55.12,5.91,16
486,69.88,1.12,85.82,3.93,28
284,71.49,0.85,86.48,7.23,24
323,81.58,0.75,60.86,4.95,44
91,47.97,0.77,72.11,1.77,11
245,84.76,1.11,64.19,5.93,24
420,76.95,1.04,44.66,4.04,20
265,92.96,1.05,87.82,5.45,30
126,52.05,1.02,55.15,3.49,4
432,62.02,0.99,41.28,5.03,23
299,61.14,1.03,56.32,7.44,14
176,86.67,0.83,77.74,4.5,22
475,53.83,1.02,51.72,5.66,24
75,69.63,0.97,52.55,1.88,5
110,44.2,0.87,71.01,9.13,7
283,84.07,0.97,64.04,5.41,29
493,71.13,0.99,71.76,4.43,23
475,70.66,0.9,58.16,4.05,45
82,49.36,0.86,100.0,2.64,8
184,20.8,1.16,79.82,5.16,9
369,67.45,1.02,37.57,5.84,16
198,46.7,0.88,100.0,1.76,27
480,51.14,1.08,51.21,2.62,24
402,36.63,1.05,69.08,2.35,27
57,68.53,1.07,76.29,6.62,3
245,58.42,0.9,88.37,1.76,20
348,51.12,0.88,78.05,0.96,35
388,62.69,1.01,43.99,4.24,23
149,21.69,1.12,87.97,3.11,10
470,89.53,1.0,33.47,4.86,46
414,53.07,0.89,47.14,4.84,31
277,69.96,1.06,40.46,5.15,22
257,88.16,0.87,89.26,4.28,35
336,68.49,0.97,88.07,3.55,25
368,79.54,1.03,59.7,4.49,15
484,51.72,0.96,73.89,4.04,24
358,47.82,0.98,64.4,3.94,15
279,54.98,0.79,85.37,5.83,27
85,48.65,1.08,88.48,2.06,8
66,70.51,1.01,56.23,2.0,4
228,51.42,1.06,62.34,2.65,10
287,94.84,1.1,73.21,6.76,29
104,60.43,1.26,100.0,7.07,10
162,69.54,0.94,73.85,4.21,7
89,67.72,0.99,90.41,3.86,6
249,58.22,1.15,68.69,6.83,13
473,71.57,1.09,57.16,6.07,21
458,83.56,0.97,95.67,4.29,46
56,75.19,1.0,31.24,2.06,2
376,81.05,1.11,100.0,5.53,38
164,77.39,1.16,79.5,0.5,12
190,54.22,1.08,84.17,6.05,16
140,65.17,0.9,66.16,0.93,11
318,51.0,1.04,59.51,3.38,13
122,54.05,0.92,100.0,5.97,9
389,67.36,1.03,67.89,3.7,23
271,59.02,0.98,88.71,1.61,21
396,83.29,1.08,89.43,4.2,45
87,74.14,0.8,60.52,3.86,6
489,61.29,0.89,60.18,2.24,38
391,48.9,0.94,85.95,1.62,43
172,74.28,1.11,75.48,4.46,9
145,69.64,0.95,90.37,4.73,9
492,67.0,1.07,54.06,3.58,26
60,70.13,0.98,78.75,6.22,3
81,61.9,1.0,62.08,5.03,4
101,51.14,0.99,59.69,3.54,5
259,51.93,1.17,58.87,5.15,10
100,96.51,0.92,71.79,5.38,10
184,65.8,1.06,56.38,5.08,11
269,56.16,0.98,27.11,4.43,9
115,84.95,0.91,100.0,3.03,11
318,47.74,1.07,60.0,1.03,21
372,64.87,1.1,81.7,4.61,27
317,64.59,0.88,60.03,5.15,23
430,70.45,1.1,84.57,6.78,30
237,55.57,1.05,22.23,2.83,10
497,34.31,1.1,72.61,3.82,22
86,69.67,1.08,62.41,2.88,4
68,41.87,1.1,77.19,4.78,4
305,75.77,1.04,74.97,4.57,13
330,73.95,1.03,63.08,5.24,15
245,55.99,1.0,44.21,5.69,12
165,50.42,0.85,20.02,2.39,17
141,72.17,0.98,95.53,5.24,9
353,83.62,1.06,92.72,8.06,41
335,46.54,0.88,45.85,2.05,28
97,58.38,1.09,100.0,5.06,6
116,73.04,0.93,62.36,5.68,6
315,40.33,1.2,50.01,4.77,12
283,30.67,1.06,98.55,2.34,18
259,58.03,1.14,93.42,4.72,14
441,46.61,0.97,63.26,4.11,21
495,69.47,0.92,68.09,3.37,26
281,81.63,1.02,95.96,7.03,30
419,61.82,0.9,85.52,3.65,30
328,24.31,1.02,100.0,2.89,28
147,58.08,1.06,63.92,5.8,9
382,77.62,0.99,89.82,0.5,35
426,66.94,0.96,50.35,3.31,24
134,92.47,0.88,77.93,3.24,13
156,77.17,0.92,87.76,3.92,10
56,65.59,1.12,78.27,1.54,4
250,86.78,0.91,95.06,4.32,30
64,82.02,0.94,91.81,2.26,7
417,67.57,0.89,46.3,7.71,37
373,64.94,0.93,74.23,7.44,19
434,66.07,1.11,74.1,3.95,19
365,49.82,1.11,83.15,6.68,24
496,55.91,0.91,63.85,2.56,27
299,47.57,1.19,100.0,1.61,23
114,100.0,1.04,35.29,4.07,10
174,55.8,1.02,99.88,3.06,12
147,58.21,1.13,97.17,1.33,14
202,48.93,1.08,70.73,5.42,14
159,66.65,1.14,32.47,2.9,8
181,68.25,0.98,50.58,8.85,5
113,66.88,0.86,22.42,7.44,9
129,88.34,1.0,100.0,6.35,12
175,64.26,0.97,65.81,5.72,9
414,64.53,0.85,68.27,5.85,33
368,83.89,1.01,52.23,6.31,33
437,59.51,0.86,100.0,3.89,39
381,69.0,1.17,27.52,3.12,24
220,81.39,0.85,74.51,4.35,27
491,38.61,1.05,80.17,6.44,35
211,8.64,0.97,80.91,2.93,16
373,48.44,0.9,50.19,3.93,25
425,66.17,1.04,66.3,8.42,18
56,91.0,0.94,30.89,1.39,5
52,73.01,0.94,45.35,5.36,1
274,56.35,1.12,70.51,4.77,16
369,59.86,0.92,82.45,6.75,25
194,59.17,0.86,63.05,5.38,12
102,50.69,1.11,88.13,4.71,6
120,81.36,0.92,70.46,3.66,10
472,60.26,1.05,97.12,3.5,35
309,52.01,1.0,62.0,5.83,13
383,51.68,0.91,68.59,4.63,16
67,76.58,1.02,56.55,4.17,2
360,56.96,1.09,82.18,5.34,14
207,50.07,1.01,67.53,5.02,9
192,73.27,1.08,46.65,4.71,5
413,71.21,1.02,71.36,6.14,13
251,66.28,0.89,67.59,2.43,19
202,61.74,1.08,74.22,5.69,7
53,85.6,0.86,68.6,3.8,5
423,99.72,1.02,35.66,1.08,46
70,57.15,1.09,35.53,5.7,3
132,73.49,1.1,74.51,1.3,10
473,62.87,1.13,58.97,0.77,29
476,57.81,1.07,75.93,5.4,19
333,84.23,1.17,100.0,5.8,33
288,57.04,0.8,90.07,10.7,32
378,67.44,1.06,84.08,6.28,28
434,100.0,0.88,74.31,1.73,56
327,60.11,1.04,100.0,3.07,20
260,69.22,1.01,80.66,7.26,20
290,72.97,1.06,50.49,6.04,12
498,36.32,1.04,86.83,1.86,45
118,63.47,1.02,84.7,3.58,9
457,73.77,0.9,68.92,3.01,28
439,75.76,1.03,79.05,7.85,21
156,81.4,0.99,64.23,2.85,12
393,70.11,0.9,76.59,5.61,26
385,46.91,0.93,53.53,3.36,19
57,79.72,0.91,64.43,3.73,2
225,62.78,0.9,100.0,7.09,21
331,61.89,1.16,36.61,0.64,22
182,54.66,0.99,75.07,1.87,12
469,54.24,0.82,100.0,4.45,43
413,72.64,1.1,97.8,8.4,28
305,56.86,1.06,45.49,6.5,17
402,50.85,0.91,81.4,6.23,34
233,54.53,0.98,58.64,4.84,9
219,95.27,1.0,81.55,1.6,26
208,46.99,1.11,52.16,2.89,9
404,70.31,0.87,58.93,5.46,33
368,58.09,0.98,61.9,5.2,23
273,66.17,1.15,77.7,0.5,19
432,43.25,1.03,42.24,6.44,19
362,82.38,0.96,100.0,5.84,30
208,78.25,0.94,60.91,4.87,7
125,66.16,1.09,100.0,7.92,8
430,43.23,0.88,100.0,4.43,45
189,80.44,0.95,84.45,4.91,18
171,63.7,0.98,88.34,3.28,14
310,55.83,1.08,57.07,6.19,15
264,57.18,1.1,38.45,4.6,13
192,72.47,0.95,97.73,6.83,13
443,83.16,0.98,78.67,6.14,42
407,84.58,0.93,64.76,0.5,51
488,48.94,0.94,52.49,1.45,41
476,90.19,0.77,87.32,6.64,68
378,73.82,1.13,43.38,6.23,18
251,81.24,0.93,66.63,4.98,19
202,88.92,1.11,41.14,4.84,15
289,52.24,1.05,85.19,2.92,24
85,71.34,0.88,58.76,4.57,6
189,64.84,1.04,100.0,5.95,15
372,66.42,1.0,63.94,1.78,21
331,42.44,0.93,62.83,6.78,11
115,70.25,0.92,68.11,2.79,6
201,85.18,0.94,84.18,4.82,18
301,51.22,1.2,64.88,4.99,15
308,63.29,1.0,45.25,3.72,20
384,80.57,1.04,90.48,1.7,42
372,75.45,0.9,78.84,4.93,32
439,89.63,0.88,83.84,4.06,54
454,69.28,0.97,87.97,3.28,31
495,76.79,1.13,60.55,1.49,34
372,68.12,0.98,86.87,2.7,22
76,47.67,0.91,63.34,4.65,3
143,81.1,1.08,63.78,2.32,9
195,61.06,1.05,94.74,2.75,13
445,95.13,1.12,86.04,1.51,58
442,69.48,0.97,89.8,5.86,21
228,63.86,1.01,100.0,5.24,11
423,56.86,1.0,74.46,2.09,22
472,81.64,0.99,44.85,4.87,40
72,81.99,1.07,85.63,4.34,8
242,75.62,1.05,56.83,4.85,10
357,65.26,0.89,38.29,4.23,35
362,53.0,0.98,59.28,2.48,21
180,66.13,0.86,69.87,0.5,20
168,44.36,0.98,88.44,1.5,16
106,62.3,1.02,55.53,3.91,6
281,55.9,1.13,42.83,4.32,16
202,54.15,0.97,71.95,5.07,14
251,55.39,0.78,72.39,6.88,20
112,59.65,0.98,99.0,3.28,7
341,77.23,1.01,86.01,7.75,31
434,62.9,1.12,97.5,4.42,36
446,86.83,0.96,32.81,3.96,43
438,74.73,0.99,31.19,2.56,22
244,51.64,0.95,91.11,4.24,19
62,67.81,1.03,45.91,8.61,2
383,39.86,1.0,66.09,6.08,22
264,70.36,0.91,56.59,2.7,12
93,81.9,1.16,89.56,7.04,9
394,55.46,1.05,83.31,3.33,23
187,65.7,0.94,55.73,5.3,8
454,98.31,1.09,95.55,4.56,51
396,36.42,0.83,77.79,5.37,30
197,90.82,0.91,94.96,4.44,26
350,47.05,0.76,62.68,4.36,24
347,67.15,1.09,65.89,5.46,13
237,50.12,0.92,60.36,5.51,13
160,54.12,0.94,58.46,3.46,9
361,55.29,0.97,22.62,4.11,21
335,73.51,1.03,49.82,5.96,16
293,49.99,1.06,58.34,6.37,16
422,67.49,0.88,76.2,4.45,35
62,69.42,0.98,80.76,2.59,3
60,65.93,1.18,99.05,4.77,3
425,36.39,1.0,65.4,2.58,13
68,41.13,0.99,50.43,5.24,5
165,85.03,0.92,56.08,4.18,17
288,62.52,0.99,58.9,3.51,11
360,66.79,0.76,43.37,3.0,26
478,83.2,0.89,59.97,8.17,59
64,87.68,0.98,59.21,4.85,6
441,62.45,1.08,65.63,5.44,26
213,79.78,0.99,49.34,7.16,11
389,76.6,0.98,64.54,7.2,25
438,52.47,0.99,79.51,5.0,18
405,60.7,0.97,71.81,2.26,23
332,52.19,1.2,54.16,2.11,17
313,63.34,0.82,77.97,4.86,26
142,56.55,0.88,69.66,2.38,12
111,40.01,0.95,51.55,7.67,6
350,87.89,1.08,99.57,2.41,39
332,67.33,0.91,56.73,7.32,12
493,52.92,1.01,51.2,2.39,16
414,71.09,1.02,66.31,1.21,28
86,69.18,1.08,65.26,0.5,5
349,42.72,0.96,67.38,7.69,19
187,68.68,0.82,63.78,10.37,12
336,56.79,0.92,50.41,4.22,20
349,71.97,0.98,46.72,0.5,22
273,65.12,0.87,46.66,4.69,21
332,57.42,1.1,100.0,2.95,27
389,43.12,1.0,59.5,2.6,17
206,63.6,0.78,49.21,4.03,15
260,50.18,1.12,70.02,1.31,19
137,49.75,0.98,24.0,5.67,8
363,43.25,0.86,83.45,3.55,36
213,42.0,0.94,95.01,5.09,15
94,68.58,0.93,37.09,0.88,6
414,65.12,1.0,47.57,1.6,28
411,61.5,1.11,30.11,6.57,24
65,53.54,0.97,51.9,3.14,2
461,54.42,1.03,62.17,4.31,30
163,56.43,1.17,58.58,3.23,10
429,60.17,1.09,37.42,5.44,15
203,65.3,1.08,85.67,5.38,16
55,63.16,1.11,76.94,2.0,2
494,70.81,1.22,92.73,2.82,46
96,75.34,1.13,71.0,6.54,6
298,71.01,1.02,60.33,4.44,12
327,64.33,1.09,61.56,7.71,19
424,69.38,1.0,69.77,5.52,18
361,69.99,1.12,96.15,3.49,22
457,43.25,0.98,65.28,6.6,24
257,89.18,0.99,76.66,4.91,20
191,78.08,0.89,87.31,2.65,20
409,60.74,1.05,82.33,3.7,28
290,81.03,0.96,68.63,5.49,32
403,79.11,0.99,66.37,5.48,20
307,60.15,1.08,100.0,6.02,24
469,62.27,0.84,77.13,5.8,39
334,92.82,0.98,80.47,4.76,37
295,68.18,1.09,64.72,4.49,15
236,66.44,0.88,98.44,8.4,24
498,50.27,0.93,92.17,7.35,34
100,60.0,0.89,56.01,2.17,6
289,49.94,1.07,50.33,7.76,21
306,63.13,1.09,73.19,4.68,14
443,43.29,0.92,60.94,5.47,21
467,65.28,1.0,69.51,5.58,24
314,61.22,1.01,45.66,2.91,17
460,58.93,0.98,54.61,3.24,33
401,79.11,1.05,92.06,3.63,22
267,58.4,1.01,88.89,5.32,20
277,40.05,0.98,43.59,5.2,15
166,73.8,0.97,93.2,7.22,10
396,66.15,1.18,76.46,4.82,17
492,80.33,1.02,58.22,3.78,38
345,68.48,0.98,76.38,2.33,21
390,41.06,1.03,72.1,3.56,19
392,49.03,1.09,100.0,1.98,36
73,50.35,1.1,78.98,8.0,4
123,59.87,1.11,82.95,4.44,8
64,83.14,1.11,67.43,3.78,5
131,62.19,0.96,74.45,7.36,6
293,81.16,1.17,34.07,2.05,24
214,66.56,0.89,39.15,5.05,17
62,78.92,0.91,70.95,2.81,3
271,80.02,1.09,56.58,4.18,28
307,82.61,1.05,55.43,5.33,29
401,76.67,0.95,83.6,2.24,25
92,83.84,1.12,92.71,2.4,9
280,61.14,0.88,33.77,5.94,23
111,65.88,0.8,43.27,6.75,8
420,56.22,0.94,52.27,4.46,21
375,69.91,1.02,79.89,2.24,19
474,66.71,0.84,86.4,5.05,49
177,78.59,1.08,54.39,6.99,4
101,70.29,1.18,52.23,6.49,5
381,70.53,1.0,72.42,3.22,22
493,58.54,1.06,61.38,4.34,24
179,79.09,0.97,46.21,3.71,9
366,62.76,0.99,45.75,5.8,18
259,63.22,0.9,71.41,2.28,21
117,90.02,1.13,42.32,2.41,10
230,46.32,0.99,79.74,3.98,7
223,44.41,0.97,97.48,6.56,15
208,31.77,1.05,81.99,1.4,17
235,55.65,1.1,84.42,0.5,24
50,87.28,0.94,69.98,5.8,4
149,62.61,0.89,88.11,2.09,18
477,85.49,0.95,66.66,6.97,47
219,100.0,1.03,73.65,3.1,17
216,54.93,0.95,58.28,5.05,13
179,60.59,1.0,100.0,2.97,13
66,82.2,1.08,85.72,2.2,7
280,51.82,1.0,54.71,5.56,11
432,56.22,1.15,71.89,4.21,22
484,82.32,1.13,23.9,6.97,40
444,86.24,0.93,70.33,2.11,42
144,66.97,1.06,72.0,7.16,8
121,74.74,0.97,91.57,2.5,6
222,93.9,1.01,87.93,4.76,26
451,95.66,0.9,91.68,4.44,44
185,100.0,0.97,38.74,2.18,14
493,96.05,1.09,100.0,3.24,57
425,85.08,1.04,78.25,3.9,38
488,87.05,0.85,100.0,3.9,78
431,74.37,1.12,71.83,0.5,31
399,59.4,0.89,66.94,5.33,34
303,97.56,0.86,71.02,5.46,34
476,49.38,0.88,60.71,5.08,47
112,65.72,0.92,74.31,0.5,6
232,63.12,0.96,94.17,3.55,14
321,94.14,0.84,98.91,3.96,44
424,79.16,1.11,100.0,6.7,20
490,69.84,0.84,80.05,2.13,46
282,80.89,1.12,86.36,3.07,29
292,58.15,1.27,57.91,7.99,14
405,58.51,0.82,57.21,2.0,46
498,59.02,0.98,57.79,5.48,30
424,63.65,0.87,97.14,7.89,40
193,71.85,0.96,52.95,5.72,9
115,48.08,1.04,60.32,8.29,5
299,65.28,1.04,91.96,4.8,25
83,76.88,1.03,51.88,7.11,2
63,76.76,1.01,99.91,4.48,5
211,62.81,1.0,83.51,4.17,13
323,68.26,0.98,54.79,6.99,16
444,56.24,1.3,50.64,6.8,19
57,72.64,0.96,62.8,2.47,2
74,88.69,1.05,71.51,5.17,7
97,63.02,1.06,92.6,5.54,6
68,52.02,0.92,59.64,0.93,4
112,42.76,1.07,74.12,5.5,5
495,100.0,1.1,89.09,5.24,54
318,77.78,1.06,58.0,3.28,18
292,63.19,0.86,91.13,7.37,31
158,62.55,0.98,100.0,6.07,12
246,86.01,1.01,72.86,1.52,28
483,53.21,0.88,59.24,3.47,39
333,32.56,1.09,84.11,5.01,17
156,53.35,1.14,51.21,3.56,6
351,48.0,1.03,92.63,4.81,31
97,67.31,0.91,61.56,4.06,4
77,66.04,0.8,56.16,4.77,6
442,97.66,0.99,79.66,4.91,37
494,72.68,1.07,100.0,5.04,38
221,28.64,1.13,71.85,4.77,7
301,69.57,1.01,54.42,4.24,15
192,58.62,1.22,94.04,4.63,12
181,71.77,0.87,91.94,2.77,17
95,55.31,1.1,81.81,1.98,9
207,63.73,1.02,100.0,3.62,13
408,83.05,0.95,86.52,0.77,50
113,64.19,1.02,70.51,6.53,4
408,66.5,1.01,93.5,2.97,29
107,88.86,0.9,78.39,7.49,11
365,78.83,1.01,78.7,2.84,15
96,61.4,1.0,80.59,6.21,6
354,68.02,1.11,77.23,3.63,13
444,34.21,0.93,58.79,4.15,22
396,70.44,1.0,58.62,5.07,21
188,72.67,1.1,80.13,3.04,12
285,89.47,0.94,59.87,2.52,24
250,62.38,0.88,53.47,2.77,20
455,81.01,0.99,62.96,1.78,49
420,82.42,1.04,79.09,4.7,43
277,73.4,1.02,71.32,4.45,14
285,100.0,0.96,69.9,2.84,27
468,90.35,1.1,79.94,5.21,51
71,84.47,1.18,70.31,2.53,5
250,65.5,1.04,65.44,5.06,10
59,58.15,0.96,80.94,1.99,4
407,80.49,1.06,63.46,9.58,30
326,70.44,1.01,47.65,3.23,21
311,100.0,0.99,89.53,0.5,37
218,78.7,0.94,52.49,4.18,10
303,71.35,1.03,59.27,2.68,18
322,54.26,1.06,55.23,3.87,20
54,71.49,0.87,93.35,0.5,6
202,72.11,1.06,100.0,5.2,14
118,77.85,0.85,72.43,3.61,9
158,77.33,1.01,47.51,4.66,6
351,67.27,0.95,100.0,8.2,18
446,67.33,1.03,84.09,5.12,38
238,97.88,0.92,53.24,5.52,23
381,59.72,0.9,76.99,4.9,27
110,55.63,1.14,84.81,6.84,9
373,68.01,0.83,72.79,4.61,32
136,58.66,1.22,62.42,9.13,6
173,69.2,1.03,41.41,7.07,8
276,61.96,0.97,55.95,4.49,13
259,69.11,1.07,54.76,4.13,13
84,37.93,1.03,59.79,5.44,3
420,58.47,0.91,95.56,3.75,26
463,75.6,0.88,59.41,4.82,38
199,79.28,1.06,89.3,6.63,14
375,72.48,0.9,48.2,4.68,32
325,55.34,1.11,77.8,6.75,12
267,80.58,0.95,68.34,4.7,25
393,65.17,1.0,59.67,1.24,25
494,89.89,0.91,99.21,1.68,63
